,x,y
0,0.0,0.0
1,0.00025,0.00025
2,0.0005,0.0005
3,0.00075,0.00075
4,0.001,0.001
5,0.00125,0.00125
6,0.0015,0.0015
7,0.00175,0.00175
8,0.002,0.002
9,0.0022500000000000003,0.0022500000000000003
10,0.0025,0.0025
11,0.00275,0.00275
12,0.003,0.003
13,0.0032500000000000003,0.0032500000000000003
14,0.0035,0.0035
15,0.00375,0.00375
16,0.004,0.004
17,0.00425,0.00425
18,0.0045000000000000005,0.0045000000000000005
19,0.00475,0.00475
20,0.005,0.005
21,0.00525,0.00525
22,0.0055,0.0055
23,0.00575,0.00575
24,0.006,0.006
25,0.00625,0.00625
26,0.006500000000000001,0.006500000000000001
27,0.00675,0.00675
28,0.007,0.007
29,0.00725,0.00725
30,0.0075,0.0075
31,0.00775,0.00775
32,0.008,0.008
33,0.00825,0.00825
34,0.0085,0.0085
35,0.00875,0.00875
36,0.009000000000000001,0.009000000000000001
37,0.00925,0.00925
38,0.0095,0.0095
39,0.00975,0.00975
40,0.01,0.01
41,0.01025,0.01025
42,0.0105,0.0105
43,0.010750000000000001,0.010750000000000001
44,0.011,0.011
45,0.01125,0.01125
46,0.0115,0.0115
47,0.01175,0.01175
48,0.012,0.012
49,0.01225,0.01225
50,0.0125,0.0125
51,0.012750000000000001,0.012750000000000001
52,0.013000000000000001,0.013000000000000001
53,0.01325,0.01325
54,0.0135,0.0135
55,0.01375,0.01375
56,0.014,0.014
57,0.01425,0.01425
58,0.0145,0.0145
59,0.014750000000000001,0.014750000000000001
60,0.015,0.015
61,0.01525,0.01525
62,0.0155,0.0155
63,0.01575,0.01575
64,0.016,0.016
65,0.01625,0.01625
66,0.0165,0.0165
67,0.01675,0.01675
68,0.017,0.017
69,0.01725,0.01725
70,0.0175,0.0175
71,0.017750000000000002,0.017750000000000002
72,0.018000000000000002,0.018000000000000002
73,0.01825,0.01825
74,0.0185,0.0185
75,0.01875,0.01875
76,0.019,0.019
77,0.01925,0.01925
78,0.0195,0.0195
79,0.01975,0.01975
80,0.02,0.02
81,0.02025,0.02025
82,0.0205,0.0205
83,0.02075,0.02075
84,0.021,0.021
85,0.02125,0.02125
86,0.021500000000000002,0.021500000000000002
87,0.021750000000000002,0.021750000000000002
88,0.022,0.022
89,0.02225,0.02225
90,0.0225,0.0225
91,0.02275,0.02275
92,0.023,0.023
93,0.02325,0.02325
94,0.0235,0.0235
95,0.02375,0.02375
96,0.024,0.024
97,0.02425,0.02425
98,0.0245,0.0245
99,0.02475,0.02475
100,0.025,0.025
101,0.02525,0.02525
102,0.025500000000000002,0.025500000000000002
103,0.025750000000000002,0.025750000000000002
104,0.026000000000000002,0.026000000000000002
105,0.02625,0.02625
106,0.0265,0.0265
107,0.02675,0.02675
108,0.027,0.027
109,0.02725,0.02725
110,0.0275,0.0275
111,0.02775,0.02775
112,0.028,0.028
113,0.02825,0.02825
114,0.0285,0.0285
115,0.02875,0.02875
116,0.029,0.029
117,0.02925,0.02925
118,0.029500000000000002,0.029500000000000002
119,0.029750000000000002,0.029750000000000002
120,0.03,0.03
121,0.03025,0.03025
122,0.0305,0.0305
123,0.03075,0.03075
124,0.031,0.031
125,0.03125,0.03125
126,0.0315,0.0315
127,0.03175,0.03175
128,0.032,0.032
129,0.03225,0.03225
130,0.0325,0.0325
131,0.03275,0.03275
132,0.033,0.033
133,0.03325,0.03325
134,0.0335,0.0335
135,0.03375,0.03375
136,0.034,0.034
137,0.03425,0.03425
138,0.0345,0.0345
139,0.03475,0.03475
140,0.035,0.035
141,0.035250000000000004,0.035250000000000004
142,0.035500000000000004,0.035500000000000004
143,0.035750000000000004,0.035750000000000004
144,0.036000000000000004,0.036000000000000004
145,0.03625,0.03625
146,0.0365,0.0365
147,0.03675,0.03675
148,0.037,0.037
149,0.03725,0.03725
150,0.0375,0.0375
151,0.03775,0.03775
152,0.038,0.038
153,0.03825,0.03825
154,0.0385,0.0385
155,0.03875,0.03875
156,0.039,0.039
157,0.03925,0.03925
158,0.0395,0.0395
159,0.03975,0.03975
160,0.04,0.04
161,0.04025,0.04025
162,0.0405,0.0405
163,0.04075,0.04075
164,0.041,0.041
165,0.04125,0.04125
166,0.0415,0.0415
167,0.04175,0.04175
168,0.042,0.042
169,0.04225,0.04225
170,0.0425,0.0425
171,0.04275,0.04275
172,0.043000000000000003,0.043000000000000003
173,0.043250000000000004,0.043250000000000004
174,0.043500000000000004,0.043500000000000004
175,0.043750000000000004,0.043750000000000004
176,0.044,0.044
177,0.04425,0.04425
178,0.0445,0.0445
179,0.04475,0.04475
180,0.045,0.045
181,0.04525,0.04525
182,0.0455,0.0455
183,0.04575,0.04575
184,0.046,0.046
185,0.04625,0.04625
186,0.0465,0.0465
187,0.04675,0.04675
188,0.047,0.047
189,0.04725,0.04725
190,0.0475,0.0475
191,0.04775,0.04775
192,0.048,0.048
193,0.04825,0.04825
194,0.0485,0.0485
195,0.04875,0.04875
196,0.049,0.049
197,0.04925,0.04925
198,0.0495,0.0495
199,0.04975,0.04975
200,0.05,0.05
201,0.05025,0.05025
202,0.0505,0.0505
203,0.05075,0.05075
204,0.051000000000000004,0.051000000000000004
205,0.051250000000000004,0.051250000000000004
206,0.051500000000000004,0.051500000000000004
207,0.051750000000000004,0.051750000000000004
208,0.052000000000000005,0.052000000000000005
209,0.05225,0.05225
210,0.0525,0.0525
211,0.05275,0.05275
212,0.053,0.053
213,0.05325,0.05325
214,0.0535,0.0535
215,0.05375,0.05375
216,0.054,0.054
217,0.05425,0.05425
218,0.0545,0.0545
219,0.05475,0.05475
220,0.055,0.055
221,0.05525,0.05525
222,0.0555,0.0555
223,0.05575,0.05575
224,0.056,0.056
225,0.05625,0.05625
226,0.0565,0.0565
227,0.05675,0.05675
228,0.057,0.057
229,0.05725,0.05725
230,0.0575,0.0575
231,0.05775,0.05775
232,0.058,0.058
233,0.05825,0.05825
234,0.0585,0.0585
235,0.058750000000000004,0.058750000000000004
236,0.059000000000000004,0.059000000000000004
237,0.059250000000000004,0.059250000000000004
238,0.059500000000000004,0.059500000000000004
239,0.059750000000000004,0.059750000000000004
240,0.06,0.06
241,0.06025,0.06025
242,0.0605,0.0605
243,0.06075,0.06075
244,0.061,0.061
245,0.06125,0.06125
246,0.0615,0.0615
247,0.06175,0.06175
248,0.062,0.062
249,0.06225,0.06225
250,0.0625,0.0625
251,0.06275,0.06275
252,0.063,0.063
253,0.06325,0.06325
254,0.0635,0.0635
255,0.06375,0.06375
256,0.064,0.064
257,0.06425,0.06425
258,0.0645,0.0645
259,0.06475,0.06475
260,0.065,0.065
261,0.06525,0.06525
262,0.0655,0.0655
263,0.06575,0.06575
264,0.066,0.066
265,0.06625,0.06625
266,0.0665,0.0665
267,0.06675,0.06675
268,0.067,0.067
269,0.06725,0.06725
270,0.0675,0.0675
271,0.06775,0.06775
272,0.068,0.068
273,0.06825,0.06825
274,0.0685,0.0685
275,0.06875,0.06875
276,0.069,0.069
277,0.06925,0.06925
278,0.0695,0.0695
279,0.06975,0.06975
280,0.07,0.07
281,0.07025,0.07025
282,0.07050000000000001,0.07050000000000001
283,0.07075000000000001,0.07075000000000001
284,0.07100000000000001,0.07100000000000001
285,0.07125000000000001,0.07125000000000001
286,0.07150000000000001,0.07150000000000001
287,0.07175000000000001,0.07175000000000001
288,0.07200000000000001,0.07200000000000001
289,0.07225,0.07225
290,0.0725,0.0725
291,0.07275,0.07275
292,0.073,0.073
293,0.07325,0.07325
294,0.0735,0.0735
295,0.07375,0.07375
296,0.074,0.074
297,0.07425,0.07425
298,0.0745,0.0745
299,0.07475,0.07475
300,0.075,0.075
301,0.07525,0.07525
302,0.0755,0.0755
303,0.07575,0.07575
304,0.076,0.076
305,0.07625,0.07625
306,0.0765,0.0765
307,0.07675,0.07675
308,0.077,0.077
309,0.07725,0.07725
310,0.0775,0.0775
311,0.07775,0.07775
312,0.078,0.078
313,0.07825,0.07825
314,0.0785,0.0785
315,0.07875,0.07875
316,0.079,0.079
317,0.07925,0.07925
318,0.0795,0.0795
319,0.07975,0.07975
320,0.08,0.08
321,0.08025,0.08025
322,0.0805,0.0805
323,0.08075,0.08075
324,0.081,0.081
325,0.08125,0.08125
326,0.0815,0.0815
327,0.08175,0.08175
328,0.082,0.082
329,0.08225,0.08225
330,0.0825,0.0825
331,0.08275,0.08275
332,0.083,0.083
333,0.08325,0.08325
334,0.0835,0.0835
335,0.08375,0.08375
336,0.084,0.084
337,0.08425,0.08425
338,0.0845,0.0845
339,0.08475,0.08475
340,0.085,0.085
341,0.08525,0.08525
342,0.0855,0.0855
343,0.08575,0.08575
344,0.08600000000000001,0.08600000000000001
345,0.08625000000000001,0.08625000000000001
346,0.08650000000000001,0.08650000000000001
347,0.08675000000000001,0.08675000000000001
348,0.08700000000000001,0.08700000000000001
349,0.08725000000000001,0.08725000000000001
350,0.08750000000000001,0.08750000000000001
351,0.08775000000000001,0.08775000000000001
352,0.088,0.088
353,0.08825,0.08825
354,0.0885,0.0885
355,0.08875,0.08875
356,0.089,0.089
357,0.08925,0.08925
358,0.0895,0.0895
359,0.08975,0.08975
360,0.09,0.09
361,0.09025,0.09025
362,0.0905,0.0905
363,0.09075,0.09075
364,0.091,0.091
365,0.09125,0.09125
366,0.0915,0.0915
367,0.09175,0.09175
368,0.092,0.092
369,0.09225,0.09225
370,0.0925,0.0925
371,0.09275,0.09275
372,0.093,0.093
373,0.09325,0.09325
374,0.0935,0.0935
375,0.09375,0.09375
376,0.094,0.094
377,0.09425,0.09425
378,0.0945,0.0945
379,0.09475,0.09475
380,0.095,0.095
381,0.09525,0.09525
382,0.0955,0.0955
383,0.09575,0.09575
384,0.096,0.096
385,0.09625,0.09625
386,0.0965,0.0965
387,0.09675,0.09675
388,0.097,0.097
389,0.09725,0.09725
390,0.0975,0.0975
391,0.09775,0.09775
392,0.098,0.098
393,0.09825,0.09825
394,0.0985,0.0985
395,0.09875,0.09875
396,0.099,0.099
397,0.09925,0.09925
398,0.0995,0.0995
399,0.09975,0.09975
400,0.1,0.1
401,0.10025,0.10025
402,0.1005,0.1005
403,0.10075,0.10075
404,0.101,0.101
405,0.10125,0.10125
406,0.1015,0.1015
407,0.10175000000000001,0.10175000000000001
408,0.10200000000000001,0.10200000000000001
409,0.10225000000000001,0.10225000000000001
410,0.10250000000000001,0.10250000000000001
411,0.10275000000000001,0.10275000000000001
412,0.10300000000000001,0.10300000000000001
413,0.10325000000000001,0.10325000000000001
414,0.10350000000000001,0.10350000000000001
415,0.10375000000000001,0.10375000000000001
416,0.10400000000000001,0.10400000000000001
417,0.10425,0.10425
418,0.1045,0.1045
419,0.10475,0.10475
420,0.105,0.105
421,0.10525,0.10525
422,0.1055,0.1055
423,0.10575,0.10575
424,0.106,0.106
425,0.10625,0.10625
426,0.1065,0.1065
427,0.10675,0.10675
428,0.107,0.107
429,0.10725,0.10725
430,0.1075,0.1075
431,0.10775,0.10775
432,0.108,0.108
433,0.10825,0.10825
434,0.1085,0.1085
435,0.10875,0.10875
436,0.109,0.109
437,0.10925,0.10925
438,0.1095,0.1095
439,0.10975,0.10975
440,0.11,0.11
441,0.11025,0.11025
442,0.1105,0.1105
443,0.11075,0.11075
444,0.111,0.111
445,0.11125,0.11125
446,0.1115,0.1115
447,0.11175,0.11175
448,0.112,0.112
449,0.11225,0.11225
450,0.1125,0.1125
451,0.11275,0.11275
452,0.113,0.113
453,0.11325,0.11325
454,0.1135,0.1135
455,0.11375,0.11375
456,0.114,0.114
457,0.11425,0.11425
458,0.1145,0.1145
459,0.11475,0.11475
460,0.115,0.115
461,0.11525,0.11525
462,0.1155,0.1155
463,0.11575,0.11575
464,0.116,0.116
465,0.11625,0.11625
466,0.1165,0.1165
467,0.11675,0.11675
468,0.117,0.117
469,0.11725000000000001,0.11725000000000001
470,0.11750000000000001,0.11750000000000001
471,0.11775000000000001,0.11775000000000001
472,0.11800000000000001,0.11800000000000001
473,0.11825000000000001,0.11825000000000001
474,0.11850000000000001,0.11850000000000001
475,0.11875000000000001,0.11875000000000001
476,0.11900000000000001,0.11900000000000001
477,0.11925000000000001,0.11925000000000001
478,0.11950000000000001,0.11950000000000001
479,0.11975000000000001,0.11975000000000001
480,0.12,0.12
481,0.12025,0.12025
482,0.1205,0.1205
483,0.12075,0.12075
484,0.121,0.121
485,0.12125,0.12125
486,0.1215,0.1215
487,0.12175,0.12175
488,0.122,0.122
489,0.12225,0.12225
490,0.1225,0.1225
491,0.12275,0.12275
492,0.123,0.123
493,0.12325,0.12325
494,0.1235,0.1235
495,0.12375,0.12375
496,0.124,0.124
497,0.12425,0.12425
498,0.1245,0.1245
499,0.12475,0.12475
500,0.125,0.125
501,0.12525,0.12525
502,0.1255,0.1255
503,0.12575,0.12575
504,0.126,0.126
505,0.12625,0.12625
506,0.1265,0.1265
507,0.12675,0.12675
508,0.127,0.127
509,0.12725,0.12725
510,0.1275,0.1275
511,0.12775,0.12775
512,0.128,0.128
513,0.12825,0.12825
514,0.1285,0.1285
515,0.12875,0.12875
516,0.129,0.129
517,0.12925,0.12925
518,0.1295,0.1295
519,0.12975,0.12975
520,0.13,0.13
521,0.13025,0.13025
522,0.1305,0.1305
523,0.13075,0.13075
524,0.131,0.131
525,0.13125,0.13125
526,0.1315,0.1315
527,0.13175,0.13175
528,0.132,0.132
529,0.13225,0.13225
530,0.1325,0.1325
531,0.13275,0.13275
532,0.133,0.133
533,0.13325,0.13325
534,0.1335,0.1335
535,0.13375,0.13375
536,0.134,0.134
537,0.13425,0.13425
538,0.1345,0.1345
539,0.13475,0.13475
540,0.135,0.135
541,0.13525,0.13525
542,0.1355,0.1355
543,0.13575,0.13575
544,0.136,0.136
545,0.13625,0.13625
546,0.1365,0.1365
547,0.13675,0.13675
548,0.137,0.137
549,0.13725,0.13725
550,0.1375,0.1375
551,0.13775,0.13775
552,0.138,0.138
553,0.13825,0.13825
554,0.1385,0.1385
555,0.13875,0.13875
556,0.139,0.139
557,0.13925,0.13925
558,0.1395,0.1395
559,0.13975,0.13975
560,0.14,0.14
561,0.14025,0.14025
562,0.1405,0.1405
563,0.14075000000000001,0.14075000000000001
564,0.14100000000000001,0.14100000000000001
565,0.14125000000000001,0.14125000000000001
566,0.14150000000000001,0.14150000000000001
567,0.14175000000000001,0.14175000000000001
568,0.14200000000000002,0.14200000000000002
569,0.14225000000000002,0.14225000000000002
570,0.14250000000000002,0.14250000000000002
571,0.14275000000000002,0.14275000000000002
572,0.14300000000000002,0.14300000000000002
573,0.14325000000000002,0.14325000000000002
574,0.14350000000000002,0.14350000000000002
575,0.14375000000000002,0.14375000000000002
576,0.14400000000000002,0.14400000000000002
577,0.14425,0.14425
578,0.1445,0.1445
579,0.14475,0.14475
580,0.145,0.145
581,0.14525,0.14525
582,0.1455,0.1455
583,0.14575,0.14575
584,0.146,0.146
585,0.14625,0.14625
586,0.1465,0.1465
587,0.14675,0.14675
588,0.147,0.147
589,0.14725,0.14725
590,0.1475,0.1475
591,0.14775,0.14775
592,0.148,0.148
593,0.14825,0.14825
594,0.1485,0.1485
595,0.14875,0.14875
596,0.149,0.149
597,0.14925,0.14925
598,0.1495,0.1495
599,0.14975,0.14975
600,0.15,0.15
601,0.15025,0.15025
602,0.1505,0.1505
603,0.15075,0.15075
604,0.151,0.151
605,0.15125,0.15125
606,0.1515,0.1515
607,0.15175,0.15175
608,0.152,0.152
609,0.15225,0.15225
610,0.1525,0.1525
611,0.15275,0.15275
612,0.153,0.153
613,0.15325,0.15325
614,0.1535,0.1535
615,0.15375,0.15375
616,0.154,0.154
617,0.15425,0.15425
618,0.1545,0.1545
619,0.15475,0.15475
620,0.155,0.155
621,0.15525,0.15525
622,0.1555,0.1555
623,0.15575,0.15575
624,0.156,0.156
625,0.15625,0.15625
626,0.1565,0.1565
627,0.15675,0.15675
628,0.157,0.157
629,0.15725,0.15725
630,0.1575,0.1575
631,0.15775,0.15775
632,0.158,0.158
633,0.15825,0.15825
634,0.1585,0.1585
635,0.15875,0.15875
636,0.159,0.159
637,0.15925,0.15925
638,0.1595,0.1595
639,0.15975,0.15975
640,0.16,0.16
641,0.16025,0.16025
642,0.1605,0.1605
643,0.16075,0.16075
644,0.161,0.161
645,0.16125,0.16125
646,0.1615,0.1615
647,0.16175,0.16175
648,0.162,0.162
649,0.16225,0.16225
650,0.1625,0.1625
651,0.16275,0.16275
652,0.163,0.163
653,0.16325,0.16325
654,0.1635,0.1635
655,0.16375,0.16375
656,0.164,0.164
657,0.16425,0.16425
658,0.1645,0.1645
659,0.16475,0.16475
660,0.165,0.165
661,0.16525,0.16525
662,0.1655,0.1655
663,0.16575,0.16575
664,0.166,0.166
665,0.16625,0.16625
666,0.1665,0.1665
667,0.16675,0.16675
668,0.167,0.167
669,0.16725,0.16725
670,0.1675,0.1675
671,0.16775,0.16775
672,0.168,0.168
673,0.16825,0.16825
674,0.1685,0.1685
675,0.16875,0.16875
676,0.169,0.169
677,0.16925,0.16925
678,0.1695,0.1695
679,0.16975,0.16975
680,0.17,0.17
681,0.17025,0.17025
682,0.1705,0.1705
683,0.17075,0.17075
684,0.171,0.171
685,0.17125,0.17125
686,0.1715,0.1715
687,0.17175,0.17175
688,0.17200000000000001,0.17200000000000001
689,0.17225000000000001,0.17225000000000001
690,0.17250000000000001,0.17250000000000001
691,0.17275000000000001,0.17275000000000001
692,0.17300000000000001,0.17300000000000001
693,0.17325000000000002,0.17325000000000002
694,0.17350000000000002,0.17350000000000002
695,0.17375000000000002,0.17375000000000002
696,0.17400000000000002,0.17400000000000002
697,0.17425000000000002,0.17425000000000002
698,0.17450000000000002,0.17450000000000002
699,0.17475000000000002,0.17475000000000002
700,0.17500000000000002,0.17500000000000002
701,0.17525000000000002,0.17525000000000002
702,0.17550000000000002,0.17550000000000002
703,0.17575000000000002,0.17575000000000002
704,0.176,0.176
705,0.17625,0.17625
706,0.1765,0.1765
707,0.17675,0.17675
708,0.177,0.177
709,0.17725,0.17725
710,0.1775,0.1775
711,0.17775,0.17775
712,0.178,0.178
713,0.17825,0.17825
714,0.1785,0.1785
715,0.17875,0.17875
716,0.179,0.179
717,0.17925,0.17925
718,0.1795,0.1795
719,0.17975,0.17975
720,0.18,0.18
721,0.18025,0.18025
722,0.1805,0.1805
723,0.18075,0.18075
724,0.181,0.181
725,0.18125,0.18125
726,0.1815,0.1815
727,0.18175,0.18175
728,0.182,0.182
729,0.18225,0.18225
730,0.1825,0.1825
731,0.18275,0.18275
732,0.183,0.183
733,0.18325,0.18325
734,0.1835,0.1835
735,0.18375,0.18375
736,0.184,0.184
737,0.18425,0.18425
738,0.1845,0.1845
739,0.18475,0.18475
740,0.185,0.185
741,0.18525,0.18525
742,0.1855,0.1855
743,0.18575,0.18575
744,0.186,0.186
745,0.18625,0.18625
746,0.1865,0.1865
747,0.18675,0.18675
748,0.187,0.187
749,0.18725,0.18725
750,0.1875,0.1875
751,0.18775,0.18775
752,0.188,0.188
753,0.18825,0.18825
754,0.1885,0.1885
755,0.18875,0.18875
756,0.189,0.189
757,0.18925,0.18925
758,0.1895,0.1895
759,0.18975,0.18975
760,0.19,0.19
761,0.19025,0.19025
762,0.1905,0.1905
763,0.19075,0.19075
764,0.191,0.191
765,0.19125,0.19125
766,0.1915,0.1915
767,0.19175,0.19175
768,0.192,0.192
769,0.19225,0.19225
770,0.1925,0.1925
771,0.19275,0.19275
772,0.193,0.193
773,0.19325,0.19325
774,0.1935,0.1935
775,0.19375,0.19375
776,0.194,0.194
777,0.19425,0.19425
778,0.1945,0.1945
779,0.19475,0.19475
780,0.195,0.195
781,0.19525,0.19525
782,0.1955,0.1955
783,0.19575,0.19575
784,0.196,0.196
785,0.19625,0.19625
786,0.1965,0.1965
787,0.19675,0.19675
788,0.197,0.197
789,0.19725,0.19725
790,0.1975,0.1975
791,0.19775,0.19775
792,0.198,0.198
793,0.19825,0.19825
794,0.1985,0.1985
795,0.19875,0.19875
796,0.199,0.199
797,0.19925,0.19925
798,0.1995,0.1995
799,0.19975,0.19975
800,0.2,0.2
801,0.20025,0.20025
802,0.2005,0.2005
803,0.20075,0.20075
804,0.201,0.201
805,0.20125,0.20125
806,0.2015,0.2015
807,0.20175,0.20175
808,0.202,0.202
809,0.20225,0.20225
810,0.2025,0.2025
811,0.20275,0.20275
812,0.203,0.203
813,0.20325000000000001,0.20325000000000001
814,0.20350000000000001,0.20350000000000001
815,0.20375000000000001,0.20375000000000001
816,0.20400000000000001,0.20400000000000001
817,0.20425000000000001,0.20425000000000001
818,0.20450000000000002,0.20450000000000002
819,0.20475000000000002,0.20475000000000002
820,0.20500000000000002,0.20500000000000002
821,0.20525000000000002,0.20525000000000002
822,0.20550000000000002,0.20550000000000002
823,0.20575000000000002,0.20575000000000002
824,0.20600000000000002,0.20600000000000002
825,0.20625000000000002,0.20625000000000002
826,0.20650000000000002,0.20650000000000002
827,0.20675000000000002,0.20675000000000002
828,0.20700000000000002,0.20700000000000002
829,0.20725000000000002,0.20725000000000002
830,0.20750000000000002,0.20750000000000002
831,0.20775000000000002,0.20775000000000002
832,0.20800000000000002,0.20800000000000002
833,0.20825,0.20825
834,0.2085,0.2085
835,0.20875,0.20875
836,0.209,0.209
837,0.20925,0.20925
838,0.2095,0.2095
839,0.20975,0.20975
840,0.21,0.21
841,0.21025,0.21025
842,0.2105,0.2105
843,0.21075,0.21075
844,0.211,0.211
845,0.21125,0.21125
846,0.2115,0.2115
847,0.21175,0.21175
848,0.212,0.212
849,0.21225,0.21225
850,0.2125,0.2125
851,0.21275,0.21275
852,0.213,0.213
853,0.21325,0.21325
854,0.2135,0.2135
855,0.21375,0.21375
856,0.214,0.214
857,0.21425,0.21425
858,0.2145,0.2145
859,0.21475,0.21475
860,0.215,0.215
861,0.21525,0.21525
862,0.2155,0.2155
863,0.21575,0.21575
864,0.216,0.216
865,0.21625,0.21625
866,0.2165,0.2165
867,0.21675,0.21675
868,0.217,0.217
869,0.21725,0.21725
870,0.2175,0.2175
871,0.21775,0.21775
872,0.218,0.218
873,0.21825,0.21825
874,0.2185,0.2185
875,0.21875,0.21875
876,0.219,0.219
877,0.21925,0.21925
878,0.2195,0.2195
879,0.21975,0.21975
880,0.22,0.22
881,0.22025,0.22025
882,0.2205,0.2205
883,0.22075,0.22075
884,0.221,0.221
885,0.22125,0.22125
886,0.2215,0.2215
887,0.22175,0.22175
888,0.222,0.222
889,0.22225,0.22225
890,0.2225,0.2225
891,0.22275,0.22275
892,0.223,0.223
893,0.22325,0.22325
894,0.2235,0.2235
895,0.22375,0.22375
896,0.224,0.224
897,0.22425,0.22425
898,0.2245,0.2245
899,0.22475,0.22475
900,0.225,0.225
901,0.22525,0.22525
902,0.2255,0.2255
903,0.22575,0.22575
904,0.226,0.226
905,0.22625,0.22625
906,0.2265,0.2265
907,0.22675,0.22675
908,0.227,0.227
909,0.22725,0.22725
910,0.2275,0.2275
911,0.22775,0.22775
912,0.228,0.228
913,0.22825,0.22825
914,0.2285,0.2285
915,0.22875,0.22875
916,0.229,0.229
917,0.22925,0.22925
918,0.2295,0.2295
919,0.22975,0.22975
920,0.23,0.23
921,0.23025,0.23025
922,0.2305,0.2305
923,0.23075,0.23075
924,0.231,0.231
925,0.23125,0.23125
926,0.2315,0.2315
927,0.23175,0.23175
928,0.232,0.232
929,0.23225,0.23225
930,0.2325,0.2325
931,0.23275,0.23275
932,0.233,0.233
933,0.23325,0.23325
934,0.2335,0.2335
935,0.23375,0.23375
936,0.234,0.234
937,0.23425,0.23425
938,0.23450000000000001,0.23450000000000001
939,0.23475000000000001,0.23475000000000001
940,0.23500000000000001,0.23500000000000001
941,0.23525000000000001,0.23525000000000001
942,0.23550000000000001,0.23550000000000001
943,0.23575000000000002,0.23575000000000002
944,0.23600000000000002,0.23600000000000002
945,0.23625000000000002,0.23625000000000002
946,0.23650000000000002,0.23650000000000002
947,0.23675000000000002,0.23675000000000002
948,0.23700000000000002,0.23700000000000002
949,0.23725000000000002,0.23725000000000002
950,0.23750000000000002,0.23750000000000002
951,0.23775000000000002,0.23775000000000002
952,0.23800000000000002,0.23800000000000002
953,0.23825000000000002,0.23825000000000002
954,0.23850000000000002,0.23850000000000002
955,0.23875000000000002,0.23875000000000002
956,0.23900000000000002,0.23900000000000002
957,0.23925000000000002,0.23925000000000002
958,0.23950000000000002,0.23950000000000002
959,0.23975000000000002,0.23975000000000002
960,0.24,0.24
961,0.24025,0.24025
962,0.2405,0.2405
963,0.24075,0.24075
964,0.241,0.241
965,0.24125,0.24125
966,0.2415,0.2415
967,0.24175,0.24175
968,0.242,0.242
969,0.24225,0.24225
970,0.2425,0.2425
971,0.24275,0.24275
972,0.243,0.243
973,0.24325,0.24325
974,0.2435,0.2435
975,0.24375,0.24375
976,0.244,0.244
977,0.24425,0.24425
978,0.2445,0.2445
979,0.24475,0.24475
980,0.245,0.245
981,0.24525,0.24525
982,0.2455,0.2455
983,0.24575,0.24575
984,0.246,0.246
985,0.24625,0.24625
986,0.2465,0.2465
987,0.24675,0.24675
988,0.247,0.247
989,0.24725,0.24725
990,0.2475,0.2475
991,0.24775,0.24775
992,0.248,0.248
993,0.24825,0.24825
994,0.2485,0.2485
995,0.24875,0.24875
996,0.249,0.249
997,0.24925,0.24925
998,0.2495,0.2495
999,0.24975,0.24975
1000,0.25,0.25
1001,0.25025000000000003,0.25025000000000003
1002,0.2505,0.2505
1003,0.25075000000000003,0.25075000000000003
1004,0.251,0.251
1005,0.25125000000000003,0.25125000000000003
1006,0.2515,0.2515
1007,0.25175000000000003,0.25175000000000003
1008,0.252,0.252
1009,0.25225000000000003,0.25225000000000003
1010,0.2525,0.2525
1011,0.25275000000000003,0.25275000000000003
1012,0.253,0.253
1013,0.25325000000000003,0.25325000000000003
1014,0.2535,0.2535
1015,0.25375000000000003,0.25375000000000003
1016,0.254,0.254
1017,0.25425000000000003,0.25425000000000003
1018,0.2545,0.2545
1019,0.25475000000000003,0.25475000000000003
1020,0.255,0.255
1021,0.25525000000000003,0.25525000000000003
1022,0.2555,0.2555
1023,0.25575000000000003,0.25575000000000003
1024,0.256,0.256
1025,0.25625,0.25625
1026,0.2565,0.2565
1027,0.25675,0.25675
1028,0.257,0.257
1029,0.25725,0.25725
1030,0.2575,0.2575
1031,0.25775,0.25775
1032,0.258,0.258
1033,0.25825,0.25825
1034,0.2585,0.2585
1035,0.25875,0.25875
1036,0.259,0.259
1037,0.25925,0.25925
1038,0.2595,0.2595
1039,0.25975,0.25975
1040,0.26,0.26
1041,0.26025,0.26025
1042,0.2605,0.2605
1043,0.26075,0.26075
1044,0.261,0.261
1045,0.26125,0.26125
1046,0.2615,0.2615
1047,0.26175,0.26175
1048,0.262,0.262
1049,0.26225,0.26225
1050,0.2625,0.2625
1051,0.26275,0.26275
1052,0.263,0.263
1053,0.26325,0.26325
1054,0.2635,0.2635
1055,0.26375,0.26375
1056,0.264,0.264
1057,0.26425,0.26425
1058,0.2645,0.2645
1059,0.26475,0.26475
1060,0.265,0.265
1061,0.26525,0.26525
1062,0.2655,0.2655
1063,0.26575,0.26575
1064,0.266,0.266
1065,0.26625,0.26625
1066,0.2665,0.2665
1067,0.26675,0.26675
1068,0.267,0.267
1069,0.26725,0.26725
1070,0.2675,0.2675
1071,0.26775,0.26775
1072,0.268,0.268
1073,0.26825,0.26825
1074,0.2685,0.2685
1075,0.26875,0.26875
1076,0.269,0.269
1077,0.26925,0.26925
1078,0.2695,0.2695
1079,0.26975,0.26975
1080,0.27,0.27
1081,0.27025,0.27025
1082,0.2705,0.2705
1083,0.27075,0.27075
1084,0.271,0.271
1085,0.27125,0.27125
1086,0.2715,0.2715
1087,0.27175,0.27175
1088,0.272,0.272
1089,0.27225,0.27225
1090,0.2725,0.2725
1091,0.27275,0.27275
1092,0.273,0.273
1093,0.27325,0.27325
1094,0.2735,0.2735
1095,0.27375,0.27375
1096,0.274,0.274
1097,0.27425,0.27425
1098,0.2745,0.2745
1099,0.27475,0.27475
1100,0.275,0.275
1101,0.27525,0.27525
1102,0.2755,0.2755
1103,0.27575,0.27575
1104,0.276,0.276
1105,0.27625,0.27625
1106,0.2765,0.2765
1107,0.27675,0.27675
1108,0.277,0.277
1109,0.27725,0.27725
1110,0.2775,0.2775
1111,0.27775,0.27775
1112,0.278,0.278
1113,0.27825,0.27825
1114,0.2785,0.2785
1115,0.27875,0.27875
1116,0.279,0.279
1117,0.27925,0.27925
1118,0.2795,0.2795
1119,0.27975,0.27975
1120,0.28,0.28
1121,0.28025,0.28025
1122,0.2805,0.2805
1123,0.28075,0.28075
1124,0.281,0.281
1125,0.28125,0.28125
1126,0.28150000000000003,0.28150000000000003
1127,0.28175,0.28175
1128,0.28200000000000003,0.28200000000000003
1129,0.28225,0.28225
1130,0.28250000000000003,0.28250000000000003
1131,0.28275,0.28275
1132,0.28300000000000003,0.28300000000000003
1133,0.28325,0.28325
1134,0.28350000000000003,0.28350000000000003
1135,0.28375,0.28375
1136,0.28400000000000003,0.28400000000000003
1137,0.28425,0.28425
1138,0.28450000000000003,0.28450000000000003
1139,0.28475,0.28475
1140,0.28500000000000003,0.28500000000000003
1141,0.28525,0.28525
1142,0.28550000000000003,0.28550000000000003
1143,0.28575,0.28575
1144,0.28600000000000003,0.28600000000000003
1145,0.28625,0.28625
1146,0.28650000000000003,0.28650000000000003
1147,0.28675,0.28675
1148,0.28700000000000003,0.28700000000000003
1149,0.28725,0.28725
1150,0.28750000000000003,0.28750000000000003
1151,0.28775,0.28775
1152,0.28800000000000003,0.28800000000000003
1153,0.28825,0.28825
1154,0.2885,0.2885
1155,0.28875,0.28875
1156,0.289,0.289
1157,0.28925,0.28925
1158,0.2895,0.2895
1159,0.28975,0.28975
1160,0.29,0.29
1161,0.29025,0.29025
1162,0.2905,0.2905
1163,0.29075,0.29075
1164,0.291,0.291
1165,0.29125,0.29125
1166,0.2915,0.2915
1167,0.29175,0.29175
1168,0.292,0.292
1169,0.29225,0.29225
1170,0.2925,0.2925
1171,0.29275,0.29275
1172,0.293,0.293
1173,0.29325,0.29325
1174,0.2935,0.2935
1175,0.29375,0.29375
1176,0.294,0.294
1177,0.29425,0.29425
1178,0.2945,0.2945
1179,0.29475,0.29475
1180,0.295,0.295
1181,0.29525,0.29525
1182,0.2955,0.2955
1183,0.29575,0.29575
1184,0.296,0.296
1185,0.29625,0.29625
1186,0.2965,0.2965
1187,0.29675,0.29675
1188,0.297,0.297
1189,0.29725,0.29725
1190,0.2975,0.2975
1191,0.29775,0.29775
1192,0.298,0.298
1193,0.29825,0.29825
1194,0.2985,0.2985
1195,0.29875,0.29875
1196,0.299,0.299
1197,0.29925,0.29925
1198,0.2995,0.2995
1199,0.29975,0.29975
1200,0.3,0.3
1201,0.30025,0.30025
1202,0.3005,0.3005
1203,0.30075,0.30075
1204,0.301,0.301
1205,0.30125,0.30125
1206,0.3015,0.3015
1207,0.30175,0.30175
1208,0.302,0.302
1209,0.30225,0.30225
1210,0.3025,0.3025
1211,0.30275,0.30275
1212,0.303,0.303
1213,0.30325,0.30325
1214,0.3035,0.3035
1215,0.30375,0.30375
1216,0.304,0.304
1217,0.30425,0.30425
1218,0.3045,0.3045
1219,0.30475,0.30475
1220,0.305,0.305
1221,0.30525,0.30525
1222,0.3055,0.3055
1223,0.30575,0.30575
1224,0.306,0.306
1225,0.30625,0.30625
1226,0.3065,0.3065
1227,0.30675,0.30675
1228,0.307,0.307
1229,0.30725,0.30725
1230,0.3075,0.3075
1231,0.30775,0.30775
1232,0.308,0.308
1233,0.30825,0.30825
1234,0.3085,0.3085
1235,0.30875,0.30875
1236,0.309,0.309
1237,0.30925,0.30925
1238,0.3095,0.3095
1239,0.30975,0.30975
1240,0.31,0.31
1241,0.31025,0.31025
1242,0.3105,0.3105
1243,0.31075,0.31075
1244,0.311,0.311
1245,0.31125,0.31125
1246,0.3115,0.3115
1247,0.31175,0.31175
1248,0.312,0.312
1249,0.31225,0.31225
1250,0.3125,0.3125
1251,0.31275000000000003,0.31275000000000003
1252,0.313,0.313
1253,0.31325000000000003,0.31325000000000003
1254,0.3135,0.3135
1255,0.31375000000000003,0.31375000000000003
1256,0.314,0.314
1257,0.31425000000000003,0.31425000000000003
1258,0.3145,0.3145
1259,0.31475000000000003,0.31475000000000003
1260,0.315,0.315
1261,0.31525000000000003,0.31525000000000003
1262,0.3155,0.3155
1263,0.31575000000000003,0.31575000000000003
1264,0.316,0.316
1265,0.31625000000000003,0.31625000000000003
1266,0.3165,0.3165
1267,0.31675000000000003,0.31675000000000003
1268,0.317,0.317
1269,0.31725000000000003,0.31725000000000003
1270,0.3175,0.3175
1271,0.31775000000000003,0.31775000000000003
1272,0.318,0.318
1273,0.31825000000000003,0.31825000000000003
1274,0.3185,0.3185
1275,0.31875000000000003,0.31875000000000003
1276,0.319,0.319
1277,0.31925000000000003,0.31925000000000003
1278,0.3195,0.3195
1279,0.31975000000000003,0.31975000000000003
1280,0.32,0.32
1281,0.32025,0.32025
1282,0.3205,0.3205
1283,0.32075,0.32075
1284,0.321,0.321
1285,0.32125,0.32125
1286,0.3215,0.3215
1287,0.32175,0.32175
1288,0.322,0.322
1289,0.32225,0.32225
1290,0.3225,0.3225
1291,0.32275,0.32275
1292,0.323,0.323
1293,0.32325,0.32325
1294,0.3235,0.3235
1295,0.32375,0.32375
1296,0.324,0.324
1297,0.32425,0.32425
1298,0.3245,0.3245
1299,0.32475,0.32475
1300,0.325,0.325
1301,0.32525,0.32525
1302,0.3255,0.3255
1303,0.32575,0.32575
1304,0.326,0.326
1305,0.32625,0.32625
1306,0.3265,0.3265
1307,0.32675,0.32675
1308,0.327,0.327
1309,0.32725,0.32725
1310,0.3275,0.3275
1311,0.32775,0.32775
1312,0.328,0.328
1313,0.32825,0.32825
1314,0.3285,0.3285
1315,0.32875,0.32875
1316,0.329,0.329
1317,0.32925,0.32925
1318,0.3295,0.3295
1319,0.32975,0.32975
1320,0.33,0.33
1321,0.33025,0.33025
1322,0.3305,0.3305
1323,0.33075,0.33075
1324,0.331,0.331
1325,0.33125,0.33125
1326,0.3315,0.3315
1327,0.33175,0.33175
1328,0.332,0.332
1329,0.33225,0.33225
1330,0.3325,0.3325
1331,0.33275,0.33275
1332,0.333,0.333
1333,0.33325,0.33325
1334,0.3335,0.3335
1335,0.33375,0.33375
1336,0.334,0.334
1337,0.33425,0.33425
1338,0.3345,0.3345
1339,0.33475,0.33475
1340,0.335,0.335
1341,0.33525,0.33525
1342,0.3355,0.3355
1343,0.33575,0.33575
1344,0.336,0.336
1345,0.33625,0.33625
1346,0.3365,0.3365
1347,0.33675,0.33675
1348,0.337,0.337
1349,0.33725,0.33725
1350,0.3375,0.3375
1351,0.33775,0.33775
1352,0.338,0.338
1353,0.33825,0.33825
1354,0.3385,0.3385
1355,0.33875,0.33875
1356,0.339,0.339
1357,0.33925,0.33925
1358,0.3395,0.3395
1359,0.33975,0.33975
1360,0.34,0.34
1361,0.34025,0.34025
1362,0.3405,0.3405
1363,0.34075,0.34075
1364,0.341,0.341
1365,0.34125,0.34125
1366,0.3415,0.3415
1367,0.34175,0.34175
1368,0.342,0.342
1369,0.34225,0.34225
1370,0.3425,0.3425
1371,0.34275,0.34275
1372,0.343,0.343
1373,0.34325,0.34325
1374,0.3435,0.3435
1375,0.34375,0.34375
1376,0.34400000000000003,0.34400000000000003
1377,0.34425,0.34425
1378,0.34450000000000003,0.34450000000000003
1379,0.34475,0.34475
1380,0.34500000000000003,0.34500000000000003
1381,0.34525,0.34525
1382,0.34550000000000003,0.34550000000000003
1383,0.34575,0.34575
1384,0.34600000000000003,0.34600000000000003
1385,0.34625,0.34625
1386,0.34650000000000003,0.34650000000000003
1387,0.34675,0.34675
1388,0.34700000000000003,0.34700000000000003
1389,0.34725,0.34725
1390,0.34750000000000003,0.34750000000000003
1391,0.34775,0.34775
1392,0.34800000000000003,0.34800000000000003
1393,0.34825,0.34825
1394,0.34850000000000003,0.34850000000000003
1395,0.34875,0.34875
1396,0.34900000000000003,0.34900000000000003
1397,0.34925,0.34925
1398,0.34950000000000003,0.34950000000000003
1399,0.34975,0.34975
1400,0.35000000000000003,0.35000000000000003
1401,0.35025,0.35025
1402,0.35050000000000003,0.35050000000000003
1403,0.35075,0.35075
1404,0.35100000000000003,0.35100000000000003
1405,0.35125,0.35125
1406,0.35150000000000003,0.35150000000000003
1407,0.35175,0.35175
1408,0.352,0.352
1409,0.35225,0.35225
1410,0.3525,0.3525
1411,0.35275,0.35275
1412,0.353,0.353
1413,0.35325,0.35325
1414,0.3535,0.3535
1415,0.35375,0.35375
1416,0.354,0.354
1417,0.35425,0.35425
1418,0.3545,0.3545
1419,0.35475,0.35475
1420,0.355,0.355
1421,0.35525,0.35525
1422,0.3555,0.3555
1423,0.35575,0.35575
1424,0.356,0.356
1425,0.35625,0.35625
1426,0.3565,0.3565
1427,0.35675,0.35675
1428,0.357,0.357
1429,0.35725,0.35725
1430,0.3575,0.3575
1431,0.35775,0.35775
1432,0.358,0.358
1433,0.35825,0.35825
1434,0.3585,0.3585
1435,0.35875,0.35875
1436,0.359,0.359
1437,0.35925,0.35925
1438,0.3595,0.3595
1439,0.35975,0.35975
1440,0.36,0.36
1441,0.36025,0.36025
1442,0.3605,0.3605
1443,0.36075,0.36075
1444,0.361,0.361
1445,0.36125,0.36125
1446,0.3615,0.3615
1447,0.36175,0.36175
1448,0.362,0.362
1449,0.36225,0.36225
1450,0.3625,0.3625
1451,0.36275,0.36275
1452,0.363,0.363
1453,0.36325,0.36325
1454,0.3635,0.3635
1455,0.36375,0.36375
1456,0.364,0.364
1457,0.36425,0.36425
1458,0.3645,0.3645
1459,0.36475,0.36475
1460,0.365,0.365
1461,0.36525,0.36525
1462,0.3655,0.3655
1463,0.36575,0.36575
1464,0.366,0.366
1465,0.36625,0.36625
1466,0.3665,0.3665
1467,0.36675,0.36675
1468,0.367,0.367
1469,0.36725,0.36725
1470,0.3675,0.3675
1471,0.36775,0.36775
1472,0.368,0.368
1473,0.36825,0.36825
1474,0.3685,0.3685
1475,0.36875,0.36875
1476,0.369,0.369
1477,0.36925,0.36925
1478,0.3695,0.3695
1479,0.36975,0.36975
1480,0.37,0.37
1481,0.37025,0.37025
1482,0.3705,0.3705
1483,0.37075,0.37075
1484,0.371,0.371
1485,0.37125,0.37125
1486,0.3715,0.3715
1487,0.37175,0.37175
1488,0.372,0.372
1489,0.37225,0.37225
1490,0.3725,0.3725
1491,0.37275,0.37275
1492,0.373,0.373
1493,0.37325,0.37325
1494,0.3735,0.3735
1495,0.37375,0.37375
1496,0.374,0.374
1497,0.37425,0.37425
1498,0.3745,0.3745
1499,0.37475,0.37475
1500,0.375,0.375
1501,0.37525000000000003,0.37525000000000003
1502,0.3755,0.3755
1503,0.37575000000000003,0.37575000000000003
1504,0.376,0.376
1505,0.37625000000000003,0.37625000000000003
1506,0.3765,0.3765
1507,0.37675000000000003,0.37675000000000003
1508,0.377,0.377
1509,0.37725000000000003,0.37725000000000003
1510,0.3775,0.3775
1511,0.37775000000000003,0.37775000000000003
1512,0.378,0.378
1513,0.37825000000000003,0.37825000000000003
1514,0.3785,0.3785
1515,0.37875000000000003,0.37875000000000003
1516,0.379,0.379
1517,0.37925000000000003,0.37925000000000003
1518,0.3795,0.3795
1519,0.37975000000000003,0.37975000000000003
1520,0.38,0.38
1521,0.38025000000000003,0.38025000000000003
1522,0.3805,0.3805
1523,0.38075000000000003,0.38075000000000003
1524,0.381,0.381
1525,0.38125000000000003,0.38125000000000003
1526,0.3815,0.3815
1527,0.38175000000000003,0.38175000000000003
1528,0.382,0.382
1529,0.38225000000000003,0.38225000000000003
1530,0.3825,0.3825
1531,0.38275000000000003,0.38275000000000003
1532,0.383,0.383
1533,0.38325000000000004,0.38325000000000004
1534,0.3835,0.3835
1535,0.38375000000000004,0.38375000000000004
1536,0.384,0.384
1537,0.38425,0.38425
1538,0.3845,0.3845
1539,0.38475,0.38475
1540,0.385,0.385
1541,0.38525,0.38525
1542,0.3855,0.3855
1543,0.38575,0.38575
1544,0.386,0.386
1545,0.38625,0.38625
1546,0.3865,0.3865
1547,0.38675,0.38675
1548,0.387,0.387
1549,0.38725,0.38725
1550,0.3875,0.3875
1551,0.38775,0.38775
1552,0.388,0.388
1553,0.38825,0.38825
1554,0.3885,0.3885
1555,0.38875,0.38875
1556,0.389,0.389
1557,0.38925,0.38925
1558,0.3895,0.3895
1559,0.38975,0.38975
1560,0.39,0.39
1561,0.39025,0.39025
1562,0.3905,0.3905
1563,0.39075,0.39075
1564,0.391,0.391
1565,0.39125,0.39125
1566,0.3915,0.3915
1567,0.39175,0.39175
1568,0.392,0.392
1569,0.39225,0.39225
1570,0.3925,0.3925
1571,0.39275,0.39275
1572,0.393,0.393
1573,0.39325,0.39325
1574,0.3935,0.3935
1575,0.39375,0.39375
1576,0.394,0.394
1577,0.39425,0.39425
1578,0.3945,0.3945
1579,0.39475,0.39475
1580,0.395,0.395
1581,0.39525,0.39525
1582,0.3955,0.3955
1583,0.39575,0.39575
1584,0.396,0.396
1585,0.39625,0.39625
1586,0.3965,0.3965
1587,0.39675,0.39675
1588,0.397,0.397
1589,0.39725,0.39725
1590,0.3975,0.3975
1591,0.39775,0.39775
1592,0.398,0.398
1593,0.39825,0.39825
1594,0.3985,0.3985
1595,0.39875,0.39875
1596,0.399,0.399
1597,0.39925,0.39925
1598,0.3995,0.3995
1599,0.39975,0.39975
1600,0.4,0.4
1601,0.40025,0.40025
1602,0.4005,0.4005
1603,0.40075,0.40075
1604,0.401,0.401
1605,0.40125,0.40125
1606,0.4015,0.4015
1607,0.40175,0.40175
1608,0.402,0.402
1609,0.40225,0.40225
1610,0.4025,0.4025
1611,0.40275,0.40275
1612,0.403,0.403
1613,0.40325,0.40325
1614,0.4035,0.4035
1615,0.40375,0.40375
1616,0.404,0.404
1617,0.40425,0.40425
1618,0.4045,0.4045
1619,0.40475,0.40475
1620,0.405,0.405
1621,0.40525,0.40525
1622,0.4055,0.4055
1623,0.40575,0.40575
1624,0.406,0.406
1625,0.40625,0.40625
1626,0.40650000000000003,0.40650000000000003
1627,0.40675,0.40675
1628,0.40700000000000003,0.40700000000000003
1629,0.40725,0.40725
1630,0.40750000000000003,0.40750000000000003
1631,0.40775,0.40775
1632,0.40800000000000003,0.40800000000000003
1633,0.40825,0.40825
1634,0.40850000000000003,0.40850000000000003
1635,0.40875,0.40875
1636,0.40900000000000003,0.40900000000000003
1637,0.40925,0.40925
1638,0.40950000000000003,0.40950000000000003
1639,0.40975,0.40975
1640,0.41000000000000003,0.41000000000000003
1641,0.41025,0.41025
1642,0.41050000000000003,0.41050000000000003
1643,0.41075,0.41075
1644,0.41100000000000003,0.41100000000000003
1645,0.41125,0.41125
1646,0.41150000000000003,0.41150000000000003
1647,0.41175,0.41175
1648,0.41200000000000003,0.41200000000000003
1649,0.41225,0.41225
1650,0.41250000000000003,0.41250000000000003
1651,0.41275,0.41275
1652,0.41300000000000003,0.41300000000000003
1653,0.41325,0.41325
1654,0.41350000000000003,0.41350000000000003
1655,0.41375,0.41375
1656,0.41400000000000003,0.41400000000000003
1657,0.41425,0.41425
1658,0.41450000000000004,0.41450000000000004
1659,0.41475,0.41475
1660,0.41500000000000004,0.41500000000000004
1661,0.41525,0.41525
1662,0.41550000000000004,0.41550000000000004
1663,0.41575,0.41575
1664,0.41600000000000004,0.41600000000000004
1665,0.41625,0.41625
1666,0.4165,0.4165
1667,0.41675,0.41675
1668,0.417,0.417
1669,0.41725,0.41725
1670,0.4175,0.4175
1671,0.41775,0.41775
1672,0.418,0.418
1673,0.41825,0.41825
1674,0.4185,0.4185
1675,0.41875,0.41875
1676,0.419,0.419
1677,0.41925,0.41925
1678,0.4195,0.4195
1679,0.41975,0.41975
1680,0.42,0.42
1681,0.42025,0.42025
1682,0.4205,0.4205
1683,0.42075,0.42075
1684,0.421,0.421
1685,0.42125,0.42125
1686,0.4215,0.4215
1687,0.42175,0.42175
1688,0.422,0.422
1689,0.42225,0.42225
1690,0.4225,0.4225
1691,0.42275,0.42275
1692,0.423,0.423
1693,0.42325,0.42325
1694,0.4235,0.4235
1695,0.42375,0.42375
1696,0.424,0.424
1697,0.42425,0.42425
1698,0.4245,0.4245
1699,0.42475,0.42475
1700,0.425,0.425
1701,0.42525,0.42525
1702,0.4255,0.4255
1703,0.42575,0.42575
1704,0.426,0.426
1705,0.42625,0.42625
1706,0.4265,0.4265
1707,0.42675,0.42675
1708,0.427,0.427
1709,0.42725,0.42725
1710,0.4275,0.4275
1711,0.42775,0.42775
1712,0.428,0.428
1713,0.42825,0.42825
1714,0.4285,0.4285
1715,0.42875,0.42875
1716,0.429,0.429
1717,0.42925,0.42925
1718,0.4295,0.4295
1719,0.42975,0.42975
1720,0.43,0.43
1721,0.43025,0.43025
1722,0.4305,0.4305
1723,0.43075,0.43075
1724,0.431,0.431
1725,0.43125,0.43125
1726,0.4315,0.4315
1727,0.43175,0.43175
1728,0.432,0.432
1729,0.43225,0.43225
1730,0.4325,0.4325
1731,0.43275,0.43275
1732,0.433,0.433
1733,0.43325,0.43325
1734,0.4335,0.4335
1735,0.43375,0.43375
1736,0.434,0.434
1737,0.43425,0.43425
1738,0.4345,0.4345
1739,0.43475,0.43475
1740,0.435,0.435
1741,0.43525,0.43525
1742,0.4355,0.4355
1743,0.43575,0.43575
1744,0.436,0.436
1745,0.43625,0.43625
1746,0.4365,0.4365
1747,0.43675,0.43675
1748,0.437,0.437
1749,0.43725,0.43725
1750,0.4375,0.4375
1751,0.43775000000000003,0.43775000000000003
1752,0.438,0.438
1753,0.43825000000000003,0.43825000000000003
1754,0.4385,0.4385
1755,0.43875000000000003,0.43875000000000003
1756,0.439,0.439
1757,0.43925000000000003,0.43925000000000003
1758,0.4395,0.4395
1759,0.43975000000000003,0.43975000000000003
1760,0.44,0.44
1761,0.44025000000000003,0.44025000000000003
1762,0.4405,0.4405
1763,0.44075000000000003,0.44075000000000003
1764,0.441,0.441
1765,0.44125000000000003,0.44125000000000003
1766,0.4415,0.4415
1767,0.44175000000000003,0.44175000000000003
1768,0.442,0.442
1769,0.44225000000000003,0.44225000000000003
1770,0.4425,0.4425
1771,0.44275000000000003,0.44275000000000003
1772,0.443,0.443
1773,0.44325000000000003,0.44325000000000003
1774,0.4435,0.4435
1775,0.44375000000000003,0.44375000000000003
1776,0.444,0.444
1777,0.44425000000000003,0.44425000000000003
1778,0.4445,0.4445
1779,0.44475000000000003,0.44475000000000003
1780,0.445,0.445
1781,0.44525000000000003,0.44525000000000003
1782,0.4455,0.4455
1783,0.44575000000000004,0.44575000000000004
1784,0.446,0.446
1785,0.44625000000000004,0.44625000000000004
1786,0.4465,0.4465
1787,0.44675000000000004,0.44675000000000004
1788,0.447,0.447
1789,0.44725000000000004,0.44725000000000004
1790,0.4475,0.4475
1791,0.44775000000000004,0.44775000000000004
1792,0.448,0.448
1793,0.44825,0.44825
1794,0.4485,0.4485
1795,0.44875,0.44875
1796,0.449,0.449
1797,0.44925,0.44925
1798,0.4495,0.4495
1799,0.44975,0.44975
1800,0.45,0.45
1801,0.45025,0.45025
1802,0.4505,0.4505
1803,0.45075,0.45075
1804,0.451,0.451
1805,0.45125,0.45125
1806,0.4515,0.4515
1807,0.45175,0.45175
1808,0.452,0.452
1809,0.45225,0.45225
1810,0.4525,0.4525
1811,0.45275,0.45275
1812,0.453,0.453
1813,0.45325,0.45325
1814,0.4535,0.4535
1815,0.45375,0.45375
1816,0.454,0.454
1817,0.45425,0.45425
1818,0.4545,0.4545
1819,0.45475,0.45475
1820,0.455,0.455
1821,0.45525,0.45525
1822,0.4555,0.4555
1823,0.45575,0.45575
1824,0.456,0.456
1825,0.45625,0.45625
1826,0.4565,0.4565
1827,0.45675,0.45675
1828,0.457,0.457
1829,0.45725,0.45725
1830,0.4575,0.4575
1831,0.45775,0.45775
1832,0.458,0.458
1833,0.45825,0.45825
1834,0.4585,0.4585
1835,0.45875,0.45875
1836,0.459,0.459
1837,0.45925,0.45925
1838,0.4595,0.4595
1839,0.45975,0.45975
1840,0.46,0.46
1841,0.46025,0.46025
1842,0.4605,0.4605
1843,0.46075,0.46075
1844,0.461,0.461
1845,0.46125,0.46125
1846,0.4615,0.4615
1847,0.46175,0.46175
1848,0.462,0.462
1849,0.46225,0.46225
1850,0.4625,0.4625
1851,0.46275,0.46275
1852,0.463,0.463
1853,0.46325,0.46325
1854,0.4635,0.4635
1855,0.46375,0.46375
1856,0.464,0.464
1857,0.46425,0.46425
1858,0.4645,0.4645
1859,0.46475,0.46475
1860,0.465,0.465
1861,0.46525,0.46525
1862,0.4655,0.4655
1863,0.46575,0.46575
1864,0.466,0.466
1865,0.46625,0.46625
1866,0.4665,0.4665
1867,0.46675,0.46675
1868,0.467,0.467
1869,0.46725,0.46725
1870,0.4675,0.4675
1871,0.46775,0.46775
1872,0.468,0.468
1873,0.46825,0.46825
1874,0.4685,0.4685
1875,0.46875,0.46875
1876,0.46900000000000003,0.46900000000000003
1877,0.46925,0.46925
1878,0.46950000000000003,0.46950000000000003
1879,0.46975,0.46975
1880,0.47000000000000003,0.47000000000000003
1881,0.47025,0.47025
1882,0.47050000000000003,0.47050000000000003
1883,0.47075,0.47075
1884,0.47100000000000003,0.47100000000000003
1885,0.47125,0.47125
1886,0.47150000000000003,0.47150000000000003
1887,0.47175,0.47175
1888,0.47200000000000003,0.47200000000000003
1889,0.47225,0.47225
1890,0.47250000000000003,0.47250000000000003
1891,0.47275,0.47275
1892,0.47300000000000003,0.47300000000000003
1893,0.47325,0.47325
1894,0.47350000000000003,0.47350000000000003
1895,0.47375,0.47375
1896,0.47400000000000003,0.47400000000000003
1897,0.47425,0.47425
1898,0.47450000000000003,0.47450000000000003
1899,0.47475,0.47475
1900,0.47500000000000003,0.47500000000000003
1901,0.47525,0.47525
1902,0.47550000000000003,0.47550000000000003
1903,0.47575,0.47575
1904,0.47600000000000003,0.47600000000000003
1905,0.47625,0.47625
1906,0.47650000000000003,0.47650000000000003
1907,0.47675,0.47675
1908,0.47700000000000004,0.47700000000000004
1909,0.47725,0.47725
1910,0.47750000000000004,0.47750000000000004
1911,0.47775,0.47775
1912,0.47800000000000004,0.47800000000000004
1913,0.47825,0.47825
1914,0.47850000000000004,0.47850000000000004
1915,0.47875,0.47875
1916,0.47900000000000004,0.47900000000000004
1917,0.47925,0.47925
1918,0.47950000000000004,0.47950000000000004
1919,0.47975,0.47975
1920,0.48,0.48
1921,0.48025,0.48025
1922,0.4805,0.4805
1923,0.48075,0.48075
1924,0.481,0.481
1925,0.48125,0.48125
1926,0.4815,0.4815
1927,0.48175,0.48175
1928,0.482,0.482
1929,0.48225,0.48225
1930,0.4825,0.4825
1931,0.48275,0.48275
1932,0.483,0.483
1933,0.48325,0.48325
1934,0.4835,0.4835
1935,0.48375,0.48375
1936,0.484,0.484
1937,0.48425,0.48425
1938,0.4845,0.4845
1939,0.48475,0.48475
1940,0.485,0.485
1941,0.48525,0.48525
1942,0.4855,0.4855
1943,0.48575,0.48575
1944,0.486,0.486
1945,0.48625,0.48625
1946,0.4865,0.4865
1947,0.48675,0.48675
1948,0.487,0.487
1949,0.48725,0.48725
1950,0.4875,0.4875
1951,0.48775,0.48775
1952,0.488,0.488
1953,0.48825,0.48825
1954,0.4885,0.4885
1955,0.48875,0.48875
1956,0.489,0.489
1957,0.48925,0.48925
1958,0.4895,0.4895
1959,0.48975,0.48975
1960,0.49,0.49
1961,0.49025,0.49025
1962,0.4905,0.4905
1963,0.49075,0.49075
1964,0.491,0.491
1965,0.49125,0.49125
1966,0.4915,0.4915
1967,0.49175,0.49175
1968,0.492,0.492
1969,0.49225,0.49225
1970,0.4925,0.4925
1971,0.49275,0.49275
1972,0.493,0.493
1973,0.49325,0.49325
1974,0.4935,0.4935
1975,0.49375,0.49375
1976,0.494,0.494
1977,0.49425,0.49425
1978,0.4945,0.4945
1979,0.49475,0.49475
1980,0.495,0.495
1981,0.49525,0.49525
1982,0.4955,0.4955
1983,0.49575,0.49575
1984,0.496,0.496
1985,0.49625,0.49625
1986,0.4965,0.4965
1987,0.49675,0.49675
1988,0.497,0.497
1989,0.49725,0.49725
1990,0.4975,0.4975
1991,0.49775,0.49775
1992,0.498,0.498
1993,0.49825,0.49825
1994,0.4985,0.4985
1995,0.49875,0.49875
1996,0.499,0.499
1997,0.49925,0.49925
1998,0.4995,0.4995
1999,0.49975,0.49975
2000,0.5,0.5
2001,0.50025,0.50025
2002,0.5005000000000001,0.5005000000000001
2003,0.50075,0.50075
2004,0.501,0.501
2005,0.50125,0.50125
2006,0.5015000000000001,0.5015000000000001
2007,0.50175,0.50175
2008,0.502,0.502
2009,0.50225,0.50225
2010,0.5025000000000001,0.5025000000000001
2011,0.50275,0.50275
2012,0.503,0.503
2013,0.50325,0.50325
2014,0.5035000000000001,0.5035000000000001
2015,0.50375,0.50375
2016,0.504,0.504
2017,0.50425,0.50425
2018,0.5045000000000001,0.5045000000000001
2019,0.50475,0.50475
2020,0.505,0.505
2021,0.50525,0.50525
2022,0.5055000000000001,0.5055000000000001
2023,0.50575,0.50575
2024,0.506,0.506
2025,0.50625,0.50625
2026,0.5065000000000001,0.5065000000000001
2027,0.50675,0.50675
2028,0.507,0.507
2029,0.50725,0.50725
2030,0.5075000000000001,0.5075000000000001
2031,0.50775,0.50775
2032,0.508,0.508
2033,0.50825,0.50825
2034,0.5085000000000001,0.5085000000000001
2035,0.50875,0.50875
2036,0.509,0.509
2037,0.50925,0.50925
2038,0.5095000000000001,0.5095000000000001
2039,0.50975,0.50975
2040,0.51,0.51
2041,0.51025,0.51025
2042,0.5105000000000001,0.5105000000000001
2043,0.51075,0.51075
2044,0.511,0.511
2045,0.51125,0.51125
2046,0.5115000000000001,0.5115000000000001
2047,0.51175,0.51175
2048,0.512,0.512
2049,0.51225,0.51225
2050,0.5125,0.5125
2051,0.51275,0.51275
2052,0.513,0.513
2053,0.51325,0.51325
2054,0.5135,0.5135
2055,0.51375,0.51375
2056,0.514,0.514
2057,0.51425,0.51425
2058,0.5145,0.5145
2059,0.51475,0.51475
2060,0.515,0.515
2061,0.51525,0.51525
2062,0.5155,0.5155
2063,0.51575,0.51575
2064,0.516,0.516
2065,0.51625,0.51625
2066,0.5165,0.5165
2067,0.51675,0.51675
2068,0.517,0.517
2069,0.51725,0.51725
2070,0.5175,0.5175
2071,0.51775,0.51775
2072,0.518,0.518
2073,0.51825,0.51825
2074,0.5185,0.5185
2075,0.51875,0.51875
2076,0.519,0.519
2077,0.51925,0.51925
2078,0.5195,0.5195
2079,0.51975,0.51975
2080,0.52,0.52
2081,0.52025,0.52025
2082,0.5205,0.5205
2083,0.52075,0.52075
2084,0.521,0.521
2085,0.52125,0.52125
2086,0.5215,0.5215
2087,0.52175,0.52175
2088,0.522,0.522
2089,0.52225,0.52225
2090,0.5225,0.5225
2091,0.52275,0.52275
2092,0.523,0.523
2093,0.52325,0.52325
2094,0.5235,0.5235
2095,0.52375,0.52375
2096,0.524,0.524
2097,0.52425,0.52425
2098,0.5245,0.5245
2099,0.52475,0.52475
2100,0.525,0.525
2101,0.52525,0.52525
2102,0.5255,0.5255
2103,0.52575,0.52575
2104,0.526,0.526
2105,0.52625,0.52625
2106,0.5265,0.5265
2107,0.52675,0.52675
2108,0.527,0.527
2109,0.52725,0.52725
2110,0.5275,0.5275
2111,0.52775,0.52775
2112,0.528,0.528
2113,0.52825,0.52825
2114,0.5285,0.5285
2115,0.52875,0.52875
2116,0.529,0.529
2117,0.52925,0.52925
2118,0.5295,0.5295
2119,0.52975,0.52975
2120,0.53,0.53
2121,0.53025,0.53025
2122,0.5305,0.5305
2123,0.53075,0.53075
2124,0.531,0.531
2125,0.53125,0.53125
2126,0.5315,0.5315
2127,0.5317500000000001,0.5317500000000001
2128,0.532,0.532
2129,0.53225,0.53225
2130,0.5325,0.5325
2131,0.5327500000000001,0.5327500000000001
2132,0.533,0.533
2133,0.53325,0.53325
2134,0.5335,0.5335
2135,0.5337500000000001,0.5337500000000001
2136,0.534,0.534
2137,0.53425,0.53425
2138,0.5345,0.5345
2139,0.5347500000000001,0.5347500000000001
2140,0.535,0.535
2141,0.53525,0.53525
2142,0.5355,0.5355
2143,0.5357500000000001,0.5357500000000001
2144,0.536,0.536
2145,0.53625,0.53625
2146,0.5365,0.5365
2147,0.5367500000000001,0.5367500000000001
2148,0.537,0.537
2149,0.53725,0.53725
2150,0.5375,0.5375
2151,0.5377500000000001,0.5377500000000001
2152,0.538,0.538
2153,0.53825,0.53825
2154,0.5385,0.5385
2155,0.5387500000000001,0.5387500000000001
2156,0.539,0.539
2157,0.53925,0.53925
2158,0.5395,0.5395
2159,0.5397500000000001,0.5397500000000001
2160,0.54,0.54
2161,0.54025,0.54025
2162,0.5405,0.5405
2163,0.5407500000000001,0.5407500000000001
2164,0.541,0.541
2165,0.54125,0.54125
2166,0.5415,0.5415
2167,0.5417500000000001,0.5417500000000001
2168,0.542,0.542
2169,0.54225,0.54225
2170,0.5425,0.5425
2171,0.5427500000000001,0.5427500000000001
2172,0.543,0.543
2173,0.54325,0.54325
2174,0.5435,0.5435
2175,0.5437500000000001,0.5437500000000001
2176,0.544,0.544
2177,0.54425,0.54425
2178,0.5445,0.5445
2179,0.54475,0.54475
2180,0.545,0.545
2181,0.54525,0.54525
2182,0.5455,0.5455
2183,0.54575,0.54575
2184,0.546,0.546
2185,0.54625,0.54625
2186,0.5465,0.5465
2187,0.54675,0.54675
2188,0.547,0.547
2189,0.54725,0.54725
2190,0.5475,0.5475
2191,0.54775,0.54775
2192,0.548,0.548
2193,0.54825,0.54825
2194,0.5485,0.5485
2195,0.54875,0.54875
2196,0.549,0.549
2197,0.54925,0.54925
2198,0.5495,0.5495
2199,0.54975,0.54975
2200,0.55,0.55
2201,0.55025,0.55025
2202,0.5505,0.5505
2203,0.55075,0.55075
2204,0.551,0.551
2205,0.55125,0.55125
2206,0.5515,0.5515
2207,0.55175,0.55175
2208,0.552,0.552
2209,0.55225,0.55225
2210,0.5525,0.5525
2211,0.55275,0.55275
2212,0.553,0.553
2213,0.55325,0.55325
2214,0.5535,0.5535
2215,0.55375,0.55375
2216,0.554,0.554
2217,0.55425,0.55425
2218,0.5545,0.5545
2219,0.55475,0.55475
2220,0.555,0.555
2221,0.55525,0.55525
2222,0.5555,0.5555
2223,0.55575,0.55575
2224,0.556,0.556
2225,0.55625,0.55625
2226,0.5565,0.5565
2227,0.55675,0.55675
2228,0.557,0.557
2229,0.55725,0.55725
2230,0.5575,0.5575
2231,0.55775,0.55775
2232,0.558,0.558
2233,0.55825,0.55825
2234,0.5585,0.5585
2235,0.55875,0.55875
2236,0.559,0.559
2237,0.55925,0.55925
2238,0.5595,0.5595
2239,0.55975,0.55975
2240,0.56,0.56
2241,0.56025,0.56025
2242,0.5605,0.5605
2243,0.56075,0.56075
2244,0.561,0.561
2245,0.56125,0.56125
2246,0.5615,0.5615
2247,0.56175,0.56175
2248,0.562,0.562
2249,0.56225,0.56225
2250,0.5625,0.5625
2251,0.56275,0.56275
2252,0.5630000000000001,0.5630000000000001
2253,0.56325,0.56325
2254,0.5635,0.5635
2255,0.56375,0.56375
2256,0.5640000000000001,0.5640000000000001
2257,0.56425,0.56425
2258,0.5645,0.5645
2259,0.56475,0.56475
2260,0.5650000000000001,0.5650000000000001
2261,0.56525,0.56525
2262,0.5655,0.5655
2263,0.56575,0.56575
2264,0.5660000000000001,0.5660000000000001
2265,0.56625,0.56625
2266,0.5665,0.5665
2267,0.56675,0.56675
2268,0.5670000000000001,0.5670000000000001
2269,0.56725,0.56725
2270,0.5675,0.5675
2271,0.56775,0.56775
2272,0.5680000000000001,0.5680000000000001
2273,0.56825,0.56825
2274,0.5685,0.5685
2275,0.56875,0.56875
2276,0.5690000000000001,0.5690000000000001
2277,0.56925,0.56925
2278,0.5695,0.5695
2279,0.56975,0.56975
2280,0.5700000000000001,0.5700000000000001
2281,0.57025,0.57025
2282,0.5705,0.5705
2283,0.57075,0.57075
2284,0.5710000000000001,0.5710000000000001
2285,0.57125,0.57125
2286,0.5715,0.5715
2287,0.57175,0.57175
2288,0.5720000000000001,0.5720000000000001
2289,0.57225,0.57225
2290,0.5725,0.5725
2291,0.57275,0.57275
2292,0.5730000000000001,0.5730000000000001
2293,0.57325,0.57325
2294,0.5735,0.5735
2295,0.57375,0.57375
2296,0.5740000000000001,0.5740000000000001
2297,0.57425,0.57425
2298,0.5745,0.5745
2299,0.57475,0.57475
2300,0.5750000000000001,0.5750000000000001
2301,0.57525,0.57525
2302,0.5755,0.5755
2303,0.57575,0.57575
2304,0.5760000000000001,0.5760000000000001
2305,0.57625,0.57625
2306,0.5765,0.5765
2307,0.57675,0.57675
2308,0.577,0.577
2309,0.57725,0.57725
2310,0.5775,0.5775
2311,0.57775,0.57775
2312,0.578,0.578
2313,0.57825,0.57825
2314,0.5785,0.5785
2315,0.57875,0.57875
2316,0.579,0.579
2317,0.57925,0.57925
2318,0.5795,0.5795
2319,0.57975,0.57975
2320,0.58,0.58
2321,0.58025,0.58025
2322,0.5805,0.5805
2323,0.58075,0.58075
2324,0.581,0.581
2325,0.58125,0.58125
2326,0.5815,0.5815
2327,0.58175,0.58175
2328,0.582,0.582
2329,0.58225,0.58225
2330,0.5825,0.5825
2331,0.58275,0.58275
2332,0.583,0.583
2333,0.58325,0.58325
2334,0.5835,0.5835
2335,0.58375,0.58375
2336,0.584,0.584
2337,0.58425,0.58425
2338,0.5845,0.5845
2339,0.58475,0.58475
2340,0.585,0.585
2341,0.58525,0.58525
2342,0.5855,0.5855
2343,0.58575,0.58575
2344,0.586,0.586
2345,0.58625,0.58625
2346,0.5865,0.5865
2347,0.58675,0.58675
2348,0.587,0.587
2349,0.58725,0.58725
2350,0.5875,0.5875
2351,0.58775,0.58775
2352,0.588,0.588
2353,0.58825,0.58825
2354,0.5885,0.5885
2355,0.58875,0.58875
2356,0.589,0.589
2357,0.58925,0.58925
2358,0.5895,0.5895
2359,0.58975,0.58975
2360,0.59,0.59
2361,0.59025,0.59025
2362,0.5905,0.5905
2363,0.59075,0.59075
2364,0.591,0.591
2365,0.59125,0.59125
2366,0.5915,0.5915
2367,0.59175,0.59175
2368,0.592,0.592
2369,0.59225,0.59225
2370,0.5925,0.5925
2371,0.59275,0.59275
2372,0.593,0.593
2373,0.59325,0.59325
2374,0.5935,0.5935
2375,0.59375,0.59375
2376,0.594,0.594
2377,0.5942500000000001,0.5942500000000001
2378,0.5945,0.5945
2379,0.59475,0.59475
2380,0.595,0.595
2381,0.5952500000000001,0.5952500000000001
2382,0.5955,0.5955
2383,0.59575,0.59575
2384,0.596,0.596
2385,0.5962500000000001,0.5962500000000001
2386,0.5965,0.5965
2387,0.59675,0.59675
2388,0.597,0.597
2389,0.5972500000000001,0.5972500000000001
2390,0.5975,0.5975
2391,0.59775,0.59775
2392,0.598,0.598
2393,0.5982500000000001,0.5982500000000001
2394,0.5985,0.5985
2395,0.59875,0.59875
2396,0.599,0.599
2397,0.5992500000000001,0.5992500000000001
2398,0.5995,0.5995
2399,0.59975,0.59975
2400,0.6,0.6
2401,0.6002500000000001,0.6002500000000001
2402,0.6005,0.6005
2403,0.60075,0.60075
2404,0.601,0.601
2405,0.6012500000000001,0.6012500000000001
2406,0.6015,0.6015
2407,0.60175,0.60175
2408,0.602,0.602
2409,0.6022500000000001,0.6022500000000001
2410,0.6025,0.6025
2411,0.60275,0.60275
2412,0.603,0.603
2413,0.6032500000000001,0.6032500000000001
2414,0.6035,0.6035
2415,0.60375,0.60375
2416,0.604,0.604
2417,0.6042500000000001,0.6042500000000001
2418,0.6045,0.6045
2419,0.60475,0.60475
2420,0.605,0.605
2421,0.6052500000000001,0.6052500000000001
2422,0.6055,0.6055
2423,0.60575,0.60575
2424,0.606,0.606
2425,0.6062500000000001,0.6062500000000001
2426,0.6065,0.6065
2427,0.60675,0.60675
2428,0.607,0.607
2429,0.6072500000000001,0.6072500000000001
2430,0.6075,0.6075
2431,0.60775,0.60775
2432,0.608,0.608
2433,0.60825,0.60825
2434,0.6085,0.6085
2435,0.60875,0.60875
2436,0.609,0.609
2437,0.60925,0.60925
2438,0.6095,0.6095
2439,0.60975,0.60975
2440,0.61,0.61
2441,0.61025,0.61025
2442,0.6105,0.6105
2443,0.61075,0.61075
2444,0.611,0.611
2445,0.61125,0.61125
2446,0.6115,0.6115
2447,0.61175,0.61175
2448,0.612,0.612
2449,0.61225,0.61225
2450,0.6125,0.6125
2451,0.61275,0.61275
2452,0.613,0.613
2453,0.61325,0.61325
2454,0.6135,0.6135
2455,0.61375,0.61375
2456,0.614,0.614
2457,0.61425,0.61425
2458,0.6145,0.6145
2459,0.61475,0.61475
2460,0.615,0.615
2461,0.61525,0.61525
2462,0.6155,0.6155
2463,0.61575,0.61575
2464,0.616,0.616
2465,0.61625,0.61625
2466,0.6165,0.6165
2467,0.61675,0.61675
2468,0.617,0.617
2469,0.61725,0.61725
2470,0.6175,0.6175
2471,0.61775,0.61775
2472,0.618,0.618
2473,0.61825,0.61825
2474,0.6185,0.6185
2475,0.61875,0.61875
2476,0.619,0.619
2477,0.61925,0.61925
2478,0.6195,0.6195
2479,0.61975,0.61975
2480,0.62,0.62
2481,0.62025,0.62025
2482,0.6205,0.6205
2483,0.62075,0.62075
2484,0.621,0.621
2485,0.62125,0.62125
2486,0.6215,0.6215
2487,0.62175,0.62175
2488,0.622,0.622
2489,0.62225,0.62225
2490,0.6225,0.6225
2491,0.62275,0.62275
2492,0.623,0.623
2493,0.62325,0.62325
2494,0.6235,0.6235
2495,0.62375,0.62375
2496,0.624,0.624
2497,0.62425,0.62425
2498,0.6245,0.6245
2499,0.62475,0.62475
2500,0.625,0.625
2501,0.62525,0.62525
2502,0.6255000000000001,0.6255000000000001
2503,0.62575,0.62575
2504,0.626,0.626
2505,0.62625,0.62625
2506,0.6265000000000001,0.6265000000000001
2507,0.62675,0.62675
2508,0.627,0.627
2509,0.62725,0.62725
2510,0.6275000000000001,0.6275000000000001
2511,0.62775,0.62775
2512,0.628,0.628
2513,0.62825,0.62825
2514,0.6285000000000001,0.6285000000000001
2515,0.62875,0.62875
2516,0.629,0.629
2517,0.62925,0.62925
2518,0.6295000000000001,0.6295000000000001
2519,0.62975,0.62975
2520,0.63,0.63
2521,0.63025,0.63025
2522,0.6305000000000001,0.6305000000000001
2523,0.63075,0.63075
2524,0.631,0.631
2525,0.63125,0.63125
2526,0.6315000000000001,0.6315000000000001
2527,0.63175,0.63175
2528,0.632,0.632
2529,0.63225,0.63225
2530,0.6325000000000001,0.6325000000000001
2531,0.63275,0.63275
2532,0.633,0.633
2533,0.63325,0.63325
2534,0.6335000000000001,0.6335000000000001
2535,0.63375,0.63375
2536,0.634,0.634
2537,0.63425,0.63425
2538,0.6345000000000001,0.6345000000000001
2539,0.63475,0.63475
2540,0.635,0.635
2541,0.63525,0.63525
2542,0.6355000000000001,0.6355000000000001
2543,0.63575,0.63575
2544,0.636,0.636
2545,0.63625,0.63625
2546,0.6365000000000001,0.6365000000000001
2547,0.63675,0.63675
2548,0.637,0.637
2549,0.63725,0.63725
2550,0.6375000000000001,0.6375000000000001
2551,0.63775,0.63775
2552,0.638,0.638
2553,0.63825,0.63825
2554,0.6385000000000001,0.6385000000000001
2555,0.63875,0.63875
2556,0.639,0.639
2557,0.63925,0.63925
2558,0.6395000000000001,0.6395000000000001
2559,0.63975,0.63975
2560,0.64,0.64
2561,0.64025,0.64025
2562,0.6405,0.6405
2563,0.64075,0.64075
2564,0.641,0.641
2565,0.64125,0.64125
2566,0.6415,0.6415
2567,0.64175,0.64175
2568,0.642,0.642
2569,0.64225,0.64225
2570,0.6425,0.6425
2571,0.64275,0.64275
2572,0.643,0.643
2573,0.64325,0.64325
2574,0.6435,0.6435
2575,0.64375,0.64375
2576,0.644,0.644
2577,0.64425,0.64425
2578,0.6445,0.6445
2579,0.64475,0.64475
2580,0.645,0.645
2581,0.64525,0.64525
2582,0.6455,0.6455
2583,0.64575,0.64575
2584,0.646,0.646
2585,0.64625,0.64625
2586,0.6465,0.6465
2587,0.64675,0.64675
2588,0.647,0.647
2589,0.64725,0.64725
2590,0.6475,0.6475
2591,0.64775,0.64775
2592,0.648,0.648
2593,0.64825,0.64825
2594,0.6485,0.6485
2595,0.64875,0.64875
2596,0.649,0.649
2597,0.64925,0.64925
2598,0.6495,0.6495
2599,0.64975,0.64975
2600,0.65,0.65
2601,0.65025,0.65025
2602,0.6505,0.6505
2603,0.65075,0.65075
2604,0.651,0.651
2605,0.65125,0.65125
2606,0.6515,0.6515
2607,0.65175,0.65175
2608,0.652,0.652
2609,0.65225,0.65225
2610,0.6525,0.6525
2611,0.65275,0.65275
2612,0.653,0.653
2613,0.65325,0.65325
2614,0.6535,0.6535
2615,0.65375,0.65375
2616,0.654,0.654
2617,0.65425,0.65425
2618,0.6545,0.6545
2619,0.65475,0.65475
2620,0.655,0.655
2621,0.65525,0.65525
2622,0.6555,0.6555
2623,0.65575,0.65575
2624,0.656,0.656
2625,0.65625,0.65625
2626,0.6565,0.6565
2627,0.6567500000000001,0.6567500000000001
2628,0.657,0.657
2629,0.65725,0.65725
2630,0.6575,0.6575
2631,0.6577500000000001,0.6577500000000001
2632,0.658,0.658
2633,0.65825,0.65825
2634,0.6585,0.6585
2635,0.6587500000000001,0.6587500000000001
2636,0.659,0.659
2637,0.65925,0.65925
2638,0.6595,0.6595
2639,0.6597500000000001,0.6597500000000001
2640,0.66,0.66
2641,0.66025,0.66025
2642,0.6605,0.6605
2643,0.6607500000000001,0.6607500000000001
2644,0.661,0.661
2645,0.66125,0.66125
2646,0.6615,0.6615
2647,0.6617500000000001,0.6617500000000001
2648,0.662,0.662
2649,0.66225,0.66225
2650,0.6625,0.6625
2651,0.6627500000000001,0.6627500000000001
2652,0.663,0.663
2653,0.66325,0.66325
2654,0.6635,0.6635
2655,0.6637500000000001,0.6637500000000001
2656,0.664,0.664
2657,0.66425,0.66425
2658,0.6645,0.6645
2659,0.6647500000000001,0.6647500000000001
2660,0.665,0.665
2661,0.66525,0.66525
2662,0.6655,0.6655
2663,0.6657500000000001,0.6657500000000001
2664,0.666,0.666
2665,0.66625,0.66625
2666,0.6665,0.6665
2667,0.6667500000000001,0.6667500000000001
2668,0.667,0.667
2669,0.66725,0.66725
2670,0.6675,0.6675
2671,0.6677500000000001,0.6677500000000001
2672,0.668,0.668
2673,0.66825,0.66825
2674,0.6685,0.6685
2675,0.6687500000000001,0.6687500000000001
2676,0.669,0.669
2677,0.66925,0.66925
2678,0.6695,0.6695
2679,0.6697500000000001,0.6697500000000001
2680,0.67,0.67
2681,0.67025,0.67025
2682,0.6705,0.6705
2683,0.6707500000000001,0.6707500000000001
2684,0.671,0.671
2685,0.67125,0.67125
2686,0.6715,0.6715
2687,0.6717500000000001,0.6717500000000001
2688,0.672,0.672
2689,0.67225,0.67225
2690,0.6725,0.6725
2691,0.67275,0.67275
2692,0.673,0.673
2693,0.67325,0.67325
2694,0.6735,0.6735
2695,0.67375,0.67375
2696,0.674,0.674
2697,0.67425,0.67425
2698,0.6745,0.6745
2699,0.67475,0.67475
2700,0.675,0.675
2701,0.67525,0.67525
2702,0.6755,0.6755
2703,0.67575,0.67575
2704,0.676,0.676
2705,0.67625,0.67625
2706,0.6765,0.6765
2707,0.67675,0.67675
2708,0.677,0.677
2709,0.67725,0.67725
2710,0.6775,0.6775
2711,0.67775,0.67775
2712,0.678,0.678
2713,0.67825,0.67825
2714,0.6785,0.6785
2715,0.67875,0.67875
2716,0.679,0.679
2717,0.67925,0.67925
2718,0.6795,0.6795
2719,0.67975,0.67975
2720,0.68,0.68
2721,0.68025,0.68025
2722,0.6805,0.6805
2723,0.68075,0.68075
2724,0.681,0.681
2725,0.68125,0.68125
2726,0.6815,0.6815
2727,0.68175,0.68175
2728,0.682,0.682
2729,0.68225,0.68225
2730,0.6825,0.6825
2731,0.68275,0.68275
2732,0.683,0.683
2733,0.68325,0.68325
2734,0.6835,0.6835
2735,0.68375,0.68375
2736,0.684,0.684
2737,0.68425,0.68425
2738,0.6845,0.6845
2739,0.68475,0.68475
2740,0.685,0.685
2741,0.68525,0.68525
2742,0.6855,0.6855
2743,0.68575,0.68575
2744,0.686,0.686
2745,0.68625,0.68625
2746,0.6865,0.6865
2747,0.68675,0.68675
2748,0.687,0.687
2749,0.68725,0.68725
2750,0.6875,0.6875
2751,0.68775,0.68775
2752,0.6880000000000001,0.6880000000000001
2753,0.68825,0.68825
2754,0.6885,0.6885
2755,0.68875,0.68875
2756,0.6890000000000001,0.6890000000000001
2757,0.68925,0.68925
2758,0.6895,0.6895
2759,0.68975,0.68975
2760,0.6900000000000001,0.6900000000000001
2761,0.69025,0.69025
2762,0.6905,0.6905
2763,0.69075,0.69075
2764,0.6910000000000001,0.6910000000000001
2765,0.69125,0.69125
2766,0.6915,0.6915
2767,0.69175,0.69175
2768,0.6920000000000001,0.6920000000000001
2769,0.69225,0.69225
2770,0.6925,0.6925
2771,0.69275,0.69275
2772,0.6930000000000001,0.6930000000000001
2773,0.69325,0.69325
2774,0.6935,0.6935
2775,0.69375,0.69375
2776,0.6940000000000001,0.6940000000000001
2777,0.69425,0.69425
2778,0.6945,0.6945
2779,0.69475,0.69475
2780,0.6950000000000001,0.6950000000000001
2781,0.69525,0.69525
2782,0.6955,0.6955
2783,0.69575,0.69575
2784,0.6960000000000001,0.6960000000000001
2785,0.69625,0.69625
2786,0.6965,0.6965
2787,0.69675,0.69675
2788,0.6970000000000001,0.6970000000000001
2789,0.69725,0.69725
2790,0.6975,0.6975
2791,0.69775,0.69775
2792,0.6980000000000001,0.6980000000000001
2793,0.69825,0.69825
2794,0.6985,0.6985
2795,0.69875,0.69875
2796,0.6990000000000001,0.6990000000000001
2797,0.69925,0.69925
2798,0.6995,0.6995
2799,0.69975,0.69975
2800,0.7000000000000001,0.7000000000000001
2801,0.70025,0.70025
2802,0.7005,0.7005
2803,0.70075,0.70075
2804,0.7010000000000001,0.7010000000000001
2805,0.70125,0.70125
2806,0.7015,0.7015
2807,0.70175,0.70175
2808,0.7020000000000001,0.7020000000000001
2809,0.70225,0.70225
2810,0.7025,0.7025
2811,0.70275,0.70275
2812,0.7030000000000001,0.7030000000000001
2813,0.70325,0.70325
2814,0.7035,0.7035
2815,0.70375,0.70375
2816,0.704,0.704
2817,0.70425,0.70425
2818,0.7045,0.7045
2819,0.70475,0.70475
2820,0.705,0.705
2821,0.70525,0.70525
2822,0.7055,0.7055
2823,0.70575,0.70575
2824,0.706,0.706
2825,0.70625,0.70625
2826,0.7065,0.7065
2827,0.70675,0.70675
2828,0.707,0.707
2829,0.70725,0.70725
2830,0.7075,0.7075
2831,0.70775,0.70775
2832,0.708,0.708
2833,0.70825,0.70825
2834,0.7085,0.7085
2835,0.70875,0.70875
2836,0.709,0.709
2837,0.70925,0.70925
2838,0.7095,0.7095
2839,0.70975,0.70975
2840,0.71,0.71
2841,0.71025,0.71025
2842,0.7105,0.7105
2843,0.71075,0.71075
2844,0.711,0.711
2845,0.71125,0.71125
2846,0.7115,0.7115
2847,0.71175,0.71175
2848,0.712,0.712
2849,0.71225,0.71225
2850,0.7125,0.7125
2851,0.71275,0.71275
2852,0.713,0.713
2853,0.71325,0.71325
2854,0.7135,0.7135
2855,0.71375,0.71375
2856,0.714,0.714
2857,0.71425,0.71425
2858,0.7145,0.7145
2859,0.71475,0.71475
2860,0.715,0.715
2861,0.71525,0.71525
2862,0.7155,0.7155
2863,0.71575,0.71575
2864,0.716,0.716
2865,0.71625,0.71625
2866,0.7165,0.7165
2867,0.71675,0.71675
2868,0.717,0.717
2869,0.71725,0.71725
2870,0.7175,0.7175
2871,0.71775,0.71775
2872,0.718,0.718
2873,0.71825,0.71825
2874,0.7185,0.7185
2875,0.71875,0.71875
2876,0.719,0.719
2877,0.7192500000000001,0.7192500000000001
2878,0.7195,0.7195
2879,0.71975,0.71975
2880,0.72,0.72
2881,0.7202500000000001,0.7202500000000001
2882,0.7205,0.7205
2883,0.72075,0.72075
2884,0.721,0.721
2885,0.7212500000000001,0.7212500000000001
2886,0.7215,0.7215
2887,0.72175,0.72175
2888,0.722,0.722
2889,0.7222500000000001,0.7222500000000001
2890,0.7225,0.7225
2891,0.72275,0.72275
2892,0.723,0.723
2893,0.7232500000000001,0.7232500000000001
2894,0.7235,0.7235
2895,0.72375,0.72375
2896,0.724,0.724
2897,0.7242500000000001,0.7242500000000001
2898,0.7245,0.7245
2899,0.72475,0.72475
2900,0.725,0.725
2901,0.7252500000000001,0.7252500000000001
2902,0.7255,0.7255
2903,0.72575,0.72575
2904,0.726,0.726
2905,0.7262500000000001,0.7262500000000001
2906,0.7265,0.7265
2907,0.72675,0.72675
2908,0.727,0.727
2909,0.7272500000000001,0.7272500000000001
2910,0.7275,0.7275
2911,0.72775,0.72775
2912,0.728,0.728
2913,0.7282500000000001,0.7282500000000001
2914,0.7285,0.7285
2915,0.72875,0.72875
2916,0.729,0.729
2917,0.7292500000000001,0.7292500000000001
2918,0.7295,0.7295
2919,0.72975,0.72975
2920,0.73,0.73
2921,0.7302500000000001,0.7302500000000001
2922,0.7305,0.7305
2923,0.73075,0.73075
2924,0.731,0.731
2925,0.7312500000000001,0.7312500000000001
2926,0.7315,0.7315
2927,0.73175,0.73175
2928,0.732,0.732
2929,0.7322500000000001,0.7322500000000001
2930,0.7325,0.7325
2931,0.73275,0.73275
2932,0.733,0.733
2933,0.7332500000000001,0.7332500000000001
2934,0.7335,0.7335
2935,0.73375,0.73375
2936,0.734,0.734
2937,0.7342500000000001,0.7342500000000001
2938,0.7345,0.7345
2939,0.73475,0.73475
2940,0.735,0.735
2941,0.7352500000000001,0.7352500000000001
2942,0.7355,0.7355
2943,0.73575,0.73575
2944,0.736,0.736
2945,0.73625,0.73625
2946,0.7365,0.7365
2947,0.73675,0.73675
2948,0.737,0.737
2949,0.73725,0.73725
2950,0.7375,0.7375
2951,0.73775,0.73775
2952,0.738,0.738
2953,0.73825,0.73825
2954,0.7385,0.7385
2955,0.73875,0.73875
2956,0.739,0.739
2957,0.73925,0.73925
2958,0.7395,0.7395
2959,0.73975,0.73975
2960,0.74,0.74
2961,0.74025,0.74025
2962,0.7405,0.7405
2963,0.74075,0.74075
2964,0.741,0.741
2965,0.74125,0.74125
2966,0.7415,0.7415
2967,0.74175,0.74175
2968,0.742,0.742
2969,0.74225,0.74225
2970,0.7425,0.7425
2971,0.74275,0.74275
2972,0.743,0.743
2973,0.74325,0.74325
2974,0.7435,0.7435
2975,0.74375,0.74375
2976,0.744,0.744
2977,0.74425,0.74425
2978,0.7445,0.7445
2979,0.74475,0.74475
2980,0.745,0.745
2981,0.74525,0.74525
2982,0.7455,0.7455
2983,0.74575,0.74575
2984,0.746,0.746
2985,0.74625,0.74625
2986,0.7465,0.7465
2987,0.74675,0.74675
2988,0.747,0.747
2989,0.74725,0.74725
2990,0.7475,0.7475
2991,0.74775,0.74775
2992,0.748,0.748
2993,0.74825,0.74825
2994,0.7485,0.7485
2995,0.74875,0.74875
2996,0.749,0.749
2997,0.74925,0.74925
2998,0.7495,0.7495
2999,0.74975,0.74975
3000,0.75,0.75
3001,0.75025,0.75025
3002,0.7505000000000001,0.7505000000000001
3003,0.75075,0.75075
3004,0.751,0.751
3005,0.75125,0.75125
3006,0.7515000000000001,0.7515000000000001
3007,0.75175,0.75175
3008,0.752,0.752
3009,0.75225,0.75225
3010,0.7525000000000001,0.7525000000000001
3011,0.75275,0.75275
3012,0.753,0.753
3013,0.75325,0.75325
3014,0.7535000000000001,0.7535000000000001
3015,0.75375,0.75375
3016,0.754,0.754
3017,0.75425,0.75425
3018,0.7545000000000001,0.7545000000000001
3019,0.75475,0.75475
3020,0.755,0.755
3021,0.75525,0.75525
3022,0.7555000000000001,0.7555000000000001
3023,0.75575,0.75575
3024,0.756,0.756
3025,0.75625,0.75625
3026,0.7565000000000001,0.7565000000000001
3027,0.75675,0.75675
3028,0.757,0.757
3029,0.75725,0.75725
3030,0.7575000000000001,0.7575000000000001
3031,0.75775,0.75775
3032,0.758,0.758
3033,0.75825,0.75825
3034,0.7585000000000001,0.7585000000000001
3035,0.75875,0.75875
3036,0.759,0.759
3037,0.75925,0.75925
3038,0.7595000000000001,0.7595000000000001
3039,0.75975,0.75975
3040,0.76,0.76
3041,0.76025,0.76025
3042,0.7605000000000001,0.7605000000000001
3043,0.76075,0.76075
3044,0.761,0.761
3045,0.76125,0.76125
3046,0.7615000000000001,0.7615000000000001
3047,0.76175,0.76175
3048,0.762,0.762
3049,0.76225,0.76225
3050,0.7625000000000001,0.7625000000000001
3051,0.76275,0.76275
3052,0.763,0.763
3053,0.76325,0.76325
3054,0.7635000000000001,0.7635000000000001
3055,0.76375,0.76375
3056,0.764,0.764
3057,0.76425,0.76425
3058,0.7645000000000001,0.7645000000000001
3059,0.76475,0.76475
3060,0.765,0.765
3061,0.76525,0.76525
3062,0.7655000000000001,0.7655000000000001
3063,0.76575,0.76575
3064,0.766,0.766
3065,0.76625,0.76625
3066,0.7665000000000001,0.7665000000000001
3067,0.76675,0.76675
3068,0.767,0.767
3069,0.76725,0.76725
3070,0.7675000000000001,0.7675000000000001
3071,0.76775,0.76775
3072,0.768,0.768
3073,0.76825,0.76825
3074,0.7685,0.7685
3075,0.76875,0.76875
3076,0.769,0.769
3077,0.76925,0.76925
3078,0.7695,0.7695
3079,0.76975,0.76975
3080,0.77,0.77
3081,0.77025,0.77025
3082,0.7705,0.7705
3083,0.77075,0.77075
3084,0.771,0.771
3085,0.77125,0.77125
3086,0.7715,0.7715
3087,0.77175,0.77175
3088,0.772,0.772
3089,0.77225,0.77225
3090,0.7725,0.7725
3091,0.77275,0.77275
3092,0.773,0.773
3093,0.77325,0.77325
3094,0.7735,0.7735
3095,0.77375,0.77375
3096,0.774,0.774
3097,0.77425,0.77425
3098,0.7745,0.7745
3099,0.77475,0.77475
3100,0.775,0.775
3101,0.77525,0.77525
3102,0.7755,0.7755
3103,0.77575,0.77575
3104,0.776,0.776
3105,0.77625,0.77625
3106,0.7765,0.7765
3107,0.77675,0.77675
3108,0.777,0.777
3109,0.77725,0.77725
3110,0.7775,0.7775
3111,0.77775,0.77775
3112,0.778,0.778
3113,0.77825,0.77825
3114,0.7785,0.7785
3115,0.77875,0.77875
3116,0.779,0.779
3117,0.77925,0.77925
3118,0.7795,0.7795
3119,0.77975,0.77975
3120,0.78,0.78
3121,0.78025,0.78025
3122,0.7805,0.7805
3123,0.78075,0.78075
3124,0.781,0.781
3125,0.78125,0.78125
3126,0.7815,0.7815
3127,0.7817500000000001,0.7817500000000001
3128,0.782,0.782
3129,0.78225,0.78225
3130,0.7825,0.7825
3131,0.7827500000000001,0.7827500000000001
3132,0.783,0.783
3133,0.78325,0.78325
3134,0.7835,0.7835
3135,0.7837500000000001,0.7837500000000001
3136,0.784,0.784
3137,0.78425,0.78425
3138,0.7845,0.7845
3139,0.7847500000000001,0.7847500000000001
3140,0.785,0.785
3141,0.78525,0.78525
3142,0.7855,0.7855
3143,0.7857500000000001,0.7857500000000001
3144,0.786,0.786
3145,0.78625,0.78625
3146,0.7865,0.7865
3147,0.7867500000000001,0.7867500000000001
3148,0.787,0.787
3149,0.78725,0.78725
3150,0.7875,0.7875
3151,0.7877500000000001,0.7877500000000001
3152,0.788,0.788
3153,0.78825,0.78825
3154,0.7885,0.7885
3155,0.7887500000000001,0.7887500000000001
3156,0.789,0.789
3157,0.78925,0.78925
3158,0.7895,0.7895
3159,0.7897500000000001,0.7897500000000001
3160,0.79,0.79
3161,0.79025,0.79025
3162,0.7905,0.7905
3163,0.7907500000000001,0.7907500000000001
3164,0.791,0.791
3165,0.79125,0.79125
3166,0.7915,0.7915
3167,0.7917500000000001,0.7917500000000001
3168,0.792,0.792
3169,0.79225,0.79225
3170,0.7925,0.7925
3171,0.7927500000000001,0.7927500000000001
3172,0.793,0.793
3173,0.79325,0.79325
3174,0.7935,0.7935
3175,0.7937500000000001,0.7937500000000001
3176,0.794,0.794
3177,0.79425,0.79425
3178,0.7945,0.7945
3179,0.7947500000000001,0.7947500000000001
3180,0.795,0.795
3181,0.79525,0.79525
3182,0.7955,0.7955
3183,0.7957500000000001,0.7957500000000001
3184,0.796,0.796
3185,0.79625,0.79625
3186,0.7965,0.7965
3187,0.7967500000000001,0.7967500000000001
3188,0.797,0.797
3189,0.79725,0.79725
3190,0.7975,0.7975
3191,0.7977500000000001,0.7977500000000001
3192,0.798,0.798
3193,0.79825,0.79825
3194,0.7985,0.7985
3195,0.7987500000000001,0.7987500000000001
3196,0.799,0.799
3197,0.79925,0.79925
3198,0.7995,0.7995
3199,0.7997500000000001,0.7997500000000001
3200,0.8,0.8
3201,0.80025,0.80025
3202,0.8005,0.8005
3203,0.80075,0.80075
3204,0.801,0.801
3205,0.80125,0.80125
3206,0.8015,0.8015
3207,0.80175,0.80175
3208,0.802,0.802
3209,0.80225,0.80225
3210,0.8025,0.8025
3211,0.80275,0.80275
3212,0.803,0.803
3213,0.80325,0.80325
3214,0.8035,0.8035
3215,0.80375,0.80375
3216,0.804,0.804
3217,0.80425,0.80425
3218,0.8045,0.8045
3219,0.80475,0.80475
3220,0.805,0.805
3221,0.80525,0.80525
3222,0.8055,0.8055
3223,0.80575,0.80575
3224,0.806,0.806
3225,0.80625,0.80625
3226,0.8065,0.8065
3227,0.80675,0.80675
3228,0.807,0.807
3229,0.80725,0.80725
3230,0.8075,0.8075
3231,0.80775,0.80775
3232,0.808,0.808
3233,0.80825,0.80825
3234,0.8085,0.8085
3235,0.80875,0.80875
3236,0.809,0.809
3237,0.80925,0.80925
3238,0.8095,0.8095
3239,0.80975,0.80975
3240,0.81,0.81
3241,0.81025,0.81025
3242,0.8105,0.8105
3243,0.81075,0.81075
3244,0.811,0.811
3245,0.81125,0.81125
3246,0.8115,0.8115
3247,0.81175,0.81175
3248,0.812,0.812
3249,0.81225,0.81225
3250,0.8125,0.8125
3251,0.81275,0.81275
3252,0.8130000000000001,0.8130000000000001
3253,0.81325,0.81325
3254,0.8135,0.8135
3255,0.81375,0.81375
3256,0.8140000000000001,0.8140000000000001
3257,0.81425,0.81425
3258,0.8145,0.8145
3259,0.81475,0.81475
3260,0.8150000000000001,0.8150000000000001
3261,0.81525,0.81525
3262,0.8155,0.8155
3263,0.81575,0.81575
3264,0.8160000000000001,0.8160000000000001
3265,0.81625,0.81625
3266,0.8165,0.8165
3267,0.81675,0.81675
3268,0.8170000000000001,0.8170000000000001
3269,0.81725,0.81725
3270,0.8175,0.8175
3271,0.81775,0.81775
3272,0.8180000000000001,0.8180000000000001
3273,0.81825,0.81825
3274,0.8185,0.8185
3275,0.81875,0.81875
3276,0.8190000000000001,0.8190000000000001
3277,0.81925,0.81925
3278,0.8195,0.8195
3279,0.81975,0.81975
3280,0.8200000000000001,0.8200000000000001
3281,0.82025,0.82025
3282,0.8205,0.8205
3283,0.82075,0.82075
3284,0.8210000000000001,0.8210000000000001
3285,0.82125,0.82125
3286,0.8215,0.8215
3287,0.82175,0.82175
3288,0.8220000000000001,0.8220000000000001
3289,0.82225,0.82225
3290,0.8225,0.8225
3291,0.82275,0.82275
3292,0.8230000000000001,0.8230000000000001
3293,0.82325,0.82325
3294,0.8235,0.8235
3295,0.82375,0.82375
3296,0.8240000000000001,0.8240000000000001
3297,0.82425,0.82425
3298,0.8245,0.8245
3299,0.82475,0.82475
3300,0.8250000000000001,0.8250000000000001
3301,0.82525,0.82525
3302,0.8255,0.8255
3303,0.82575,0.82575
3304,0.8260000000000001,0.8260000000000001
3305,0.82625,0.82625
3306,0.8265,0.8265
3307,0.82675,0.82675
3308,0.8270000000000001,0.8270000000000001
3309,0.82725,0.82725
3310,0.8275,0.8275
3311,0.82775,0.82775
3312,0.8280000000000001,0.8280000000000001
3313,0.82825,0.82825
3314,0.8285,0.8285
3315,0.82875,0.82875
3316,0.8290000000000001,0.8290000000000001
3317,0.82925,0.82925
3318,0.8295,0.8295
3319,0.82975,0.82975
3320,0.8300000000000001,0.8300000000000001
3321,0.83025,0.83025
3322,0.8305,0.8305
3323,0.83075,0.83075
3324,0.8310000000000001,0.8310000000000001
3325,0.83125,0.83125
3326,0.8315,0.8315
3327,0.83175,0.83175
3328,0.8320000000000001,0.8320000000000001
3329,0.83225,0.83225
3330,0.8325,0.8325
3331,0.83275,0.83275
3332,0.833,0.833
3333,0.83325,0.83325
3334,0.8335,0.8335
3335,0.83375,0.83375
3336,0.834,0.834
3337,0.83425,0.83425
3338,0.8345,0.8345
3339,0.83475,0.83475
3340,0.835,0.835
3341,0.83525,0.83525
3342,0.8355,0.8355
3343,0.83575,0.83575
3344,0.836,0.836
3345,0.83625,0.83625
3346,0.8365,0.8365
3347,0.83675,0.83675
3348,0.837,0.837
3349,0.83725,0.83725
3350,0.8375,0.8375
3351,0.83775,0.83775
3352,0.838,0.838
3353,0.83825,0.83825
3354,0.8385,0.8385
3355,0.83875,0.83875
3356,0.839,0.839
3357,0.83925,0.83925
3358,0.8395,0.8395
3359,0.83975,0.83975
3360,0.84,0.84
3361,0.84025,0.84025
3362,0.8405,0.8405
3363,0.84075,0.84075
3364,0.841,0.841
3365,0.84125,0.84125
3366,0.8415,0.8415
3367,0.84175,0.84175
3368,0.842,0.842
3369,0.84225,0.84225
3370,0.8425,0.8425
3371,0.84275,0.84275
3372,0.843,0.843
3373,0.84325,0.84325
3374,0.8435,0.8435
3375,0.84375,0.84375
3376,0.844,0.844
3377,0.8442500000000001,0.8442500000000001
3378,0.8445,0.8445
3379,0.84475,0.84475
3380,0.845,0.845
3381,0.8452500000000001,0.8452500000000001
3382,0.8455,0.8455
3383,0.84575,0.84575
3384,0.846,0.846
3385,0.8462500000000001,0.8462500000000001
3386,0.8465,0.8465
3387,0.84675,0.84675
3388,0.847,0.847
3389,0.8472500000000001,0.8472500000000001
3390,0.8475,0.8475
3391,0.84775,0.84775
3392,0.848,0.848
3393,0.8482500000000001,0.8482500000000001
3394,0.8485,0.8485
3395,0.84875,0.84875
3396,0.849,0.849
3397,0.8492500000000001,0.8492500000000001
3398,0.8495,0.8495
3399,0.84975,0.84975
3400,0.85,0.85
3401,0.8502500000000001,0.8502500000000001
3402,0.8505,0.8505
3403,0.85075,0.85075
3404,0.851,0.851
3405,0.8512500000000001,0.8512500000000001
3406,0.8515,0.8515
3407,0.85175,0.85175
3408,0.852,0.852
3409,0.8522500000000001,0.8522500000000001
3410,0.8525,0.8525
3411,0.85275,0.85275
3412,0.853,0.853
3413,0.8532500000000001,0.8532500000000001
3414,0.8535,0.8535
3415,0.85375,0.85375
3416,0.854,0.854
3417,0.8542500000000001,0.8542500000000001
3418,0.8545,0.8545
3419,0.85475,0.85475
3420,0.855,0.855
3421,0.8552500000000001,0.8552500000000001
3422,0.8555,0.8555
3423,0.85575,0.85575
3424,0.856,0.856
3425,0.8562500000000001,0.8562500000000001
3426,0.8565,0.8565
3427,0.85675,0.85675
3428,0.857,0.857
3429,0.8572500000000001,0.8572500000000001
3430,0.8575,0.8575
3431,0.85775,0.85775
3432,0.858,0.858
3433,0.8582500000000001,0.8582500000000001
3434,0.8585,0.8585
3435,0.85875,0.85875
3436,0.859,0.859
3437,0.8592500000000001,0.8592500000000001
3438,0.8595,0.8595
3439,0.85975,0.85975
3440,0.86,0.86
3441,0.8602500000000001,0.8602500000000001
3442,0.8605,0.8605
3443,0.86075,0.86075
3444,0.861,0.861
3445,0.8612500000000001,0.8612500000000001
3446,0.8615,0.8615
3447,0.86175,0.86175
3448,0.862,0.862
3449,0.8622500000000001,0.8622500000000001
3450,0.8625,0.8625
3451,0.86275,0.86275
3452,0.863,0.863
3453,0.8632500000000001,0.8632500000000001
3454,0.8635,0.8635
3455,0.86375,0.86375
3456,0.864,0.864
3457,0.86425,0.86425
3458,0.8645,0.8645
3459,0.86475,0.86475
3460,0.865,0.865
3461,0.86525,0.86525
3462,0.8655,0.8655
3463,0.86575,0.86575
3464,0.866,0.866
3465,0.86625,0.86625
3466,0.8665,0.8665
3467,0.86675,0.86675
3468,0.867,0.867
3469,0.86725,0.86725
3470,0.8675,0.8675
3471,0.86775,0.86775
3472,0.868,0.868
3473,0.86825,0.86825
3474,0.8685,0.8685
3475,0.86875,0.86875
3476,0.869,0.869
3477,0.86925,0.86925
3478,0.8695,0.8695
3479,0.86975,0.86975
3480,0.87,0.87
3481,0.87025,0.87025
3482,0.8705,0.8705
3483,0.87075,0.87075
3484,0.871,0.871
3485,0.87125,0.87125
3486,0.8715,0.8715
3487,0.87175,0.87175
3488,0.872,0.872
3489,0.87225,0.87225
3490,0.8725,0.8725
3491,0.87275,0.87275
3492,0.873,0.873
3493,0.87325,0.87325
3494,0.8735,0.8735
3495,0.87375,0.87375
3496,0.874,0.874
3497,0.87425,0.87425
3498,0.8745,0.8745
3499,0.87475,0.87475
3500,0.875,0.875
3501,0.87525,0.87525
3502,0.8755000000000001,0.8755000000000001
3503,0.87575,0.87575
3504,0.876,0.876
3505,0.87625,0.87625
3506,0.8765000000000001,0.8765000000000001
3507,0.87675,0.87675
3508,0.877,0.877
3509,0.87725,0.87725
3510,0.8775000000000001,0.8775000000000001
3511,0.87775,0.87775
3512,0.878,0.878
3513,0.87825,0.87825
3514,0.8785000000000001,0.8785000000000001
3515,0.87875,0.87875
3516,0.879,0.879
3517,0.87925,0.87925
3518,0.8795000000000001,0.8795000000000001
3519,0.87975,0.87975
3520,0.88,0.88
3521,0.88025,0.88025
3522,0.8805000000000001,0.8805000000000001
3523,0.88075,0.88075
3524,0.881,0.881
3525,0.88125,0.88125
3526,0.8815000000000001,0.8815000000000001
3527,0.88175,0.88175
3528,0.882,0.882
3529,0.88225,0.88225
3530,0.8825000000000001,0.8825000000000001
3531,0.88275,0.88275
3532,0.883,0.883
3533,0.88325,0.88325
3534,0.8835000000000001,0.8835000000000001
3535,0.88375,0.88375
3536,0.884,0.884
3537,0.88425,0.88425
3538,0.8845000000000001,0.8845000000000001
3539,0.88475,0.88475
3540,0.885,0.885
3541,0.88525,0.88525
3542,0.8855000000000001,0.8855000000000001
3543,0.88575,0.88575
3544,0.886,0.886
3545,0.88625,0.88625
3546,0.8865000000000001,0.8865000000000001
3547,0.88675,0.88675
3548,0.887,0.887
3549,0.88725,0.88725
3550,0.8875000000000001,0.8875000000000001
3551,0.88775,0.88775
3552,0.888,0.888
3553,0.88825,0.88825
3554,0.8885000000000001,0.8885000000000001
3555,0.88875,0.88875
3556,0.889,0.889
3557,0.88925,0.88925
3558,0.8895000000000001,0.8895000000000001
3559,0.88975,0.88975
3560,0.89,0.89
3561,0.89025,0.89025
3562,0.8905000000000001,0.8905000000000001
3563,0.89075,0.89075
3564,0.891,0.891
3565,0.89125,0.89125
3566,0.8915000000000001,0.8915000000000001
3567,0.89175,0.89175
3568,0.892,0.892
3569,0.89225,0.89225
3570,0.8925000000000001,0.8925000000000001
3571,0.89275,0.89275
3572,0.893,0.893
3573,0.89325,0.89325
3574,0.8935000000000001,0.8935000000000001
3575,0.89375,0.89375
3576,0.894,0.894
3577,0.89425,0.89425
3578,0.8945000000000001,0.8945000000000001
3579,0.89475,0.89475
3580,0.895,0.895
3581,0.89525,0.89525
3582,0.8955000000000001,0.8955000000000001
3583,0.89575,0.89575
3584,0.896,0.896
3585,0.89625,0.89625
3586,0.8965,0.8965
3587,0.89675,0.89675
3588,0.897,0.897
3589,0.89725,0.89725
3590,0.8975,0.8975
3591,0.89775,0.89775
3592,0.898,0.898
3593,0.89825,0.89825
3594,0.8985,0.8985
3595,0.89875,0.89875
3596,0.899,0.899
3597,0.89925,0.89925
3598,0.8995,0.8995
3599,0.89975,0.89975
3600,0.9,0.9
3601,0.90025,0.90025
3602,0.9005,0.9005
3603,0.90075,0.90075
3604,0.901,0.901
3605,0.90125,0.90125
3606,0.9015,0.9015
3607,0.90175,0.90175
3608,0.902,0.902
3609,0.90225,0.90225
3610,0.9025,0.9025
3611,0.90275,0.90275
3612,0.903,0.903
3613,0.90325,0.90325
3614,0.9035,0.9035
3615,0.90375,0.90375
3616,0.904,0.904
3617,0.90425,0.90425
3618,0.9045,0.9045
3619,0.90475,0.90475
3620,0.905,0.905
3621,0.90525,0.90525
3622,0.9055,0.9055
3623,0.90575,0.90575
3624,0.906,0.906
3625,0.90625,0.90625
3626,0.9065,0.9065
3627,0.9067500000000001,0.9067500000000001
3628,0.907,0.907
3629,0.90725,0.90725
3630,0.9075,0.9075
3631,0.9077500000000001,0.9077500000000001
3632,0.908,0.908
3633,0.90825,0.90825
3634,0.9085,0.9085
3635,0.9087500000000001,0.9087500000000001
3636,0.909,0.909
3637,0.90925,0.90925
3638,0.9095,0.9095
3639,0.9097500000000001,0.9097500000000001
3640,0.91,0.91
3641,0.91025,0.91025
3642,0.9105,0.9105
3643,0.9107500000000001,0.9107500000000001
3644,0.911,0.911
3645,0.91125,0.91125
3646,0.9115,0.9115
3647,0.9117500000000001,0.9117500000000001
3648,0.912,0.912
3649,0.91225,0.91225
3650,0.9125,0.9125
3651,0.9127500000000001,0.9127500000000001
3652,0.913,0.913
3653,0.91325,0.91325
3654,0.9135,0.9135
3655,0.9137500000000001,0.9137500000000001
3656,0.914,0.914
3657,0.91425,0.91425
3658,0.9145,0.9145
3659,0.9147500000000001,0.9147500000000001
3660,0.915,0.915
3661,0.91525,0.91525
3662,0.9155,0.9155
3663,0.9157500000000001,0.9157500000000001
3664,0.916,0.916
3665,0.91625,0.91625
3666,0.9165,0.9165
3667,0.9167500000000001,0.9167500000000001
3668,0.917,0.917
3669,0.91725,0.91725
3670,0.9175,0.9175
3671,0.9177500000000001,0.9177500000000001
3672,0.918,0.918
3673,0.91825,0.91825
3674,0.9185,0.9185
3675,0.9187500000000001,0.9187500000000001
3676,0.919,0.919
3677,0.91925,0.91925
3678,0.9195,0.9195
3679,0.9197500000000001,0.9197500000000001
3680,0.92,0.92
3681,0.92025,0.92025
3682,0.9205,0.9205
3683,0.9207500000000001,0.9207500000000001
3684,0.921,0.921
3685,0.92125,0.92125
3686,0.9215,0.9215
3687,0.9217500000000001,0.9217500000000001
3688,0.922,0.922
3689,0.92225,0.92225
3690,0.9225,0.9225
3691,0.9227500000000001,0.9227500000000001
3692,0.923,0.923
3693,0.92325,0.92325
3694,0.9235,0.9235
3695,0.9237500000000001,0.9237500000000001
3696,0.924,0.924
3697,0.92425,0.92425
3698,0.9245,0.9245
3699,0.9247500000000001,0.9247500000000001
3700,0.925,0.925
3701,0.92525,0.92525
3702,0.9255,0.9255
3703,0.9257500000000001,0.9257500000000001
3704,0.926,0.926
3705,0.92625,0.92625
3706,0.9265,0.9265
3707,0.9267500000000001,0.9267500000000001
3708,0.927,0.927
3709,0.92725,0.92725
3710,0.9275,0.9275
3711,0.9277500000000001,0.9277500000000001
3712,0.928,0.928
3713,0.92825,0.92825
3714,0.9285,0.9285
3715,0.92875,0.92875
3716,0.929,0.929
3717,0.92925,0.92925
3718,0.9295,0.9295
3719,0.92975,0.92975
3720,0.93,0.93
3721,0.93025,0.93025
3722,0.9305,0.9305
3723,0.93075,0.93075
3724,0.931,0.931
3725,0.93125,0.93125
3726,0.9315,0.9315
3727,0.93175,0.93175
3728,0.932,0.932
3729,0.93225,0.93225
3730,0.9325,0.9325
3731,0.93275,0.93275
3732,0.933,0.933
3733,0.93325,0.93325
3734,0.9335,0.9335
3735,0.93375,0.93375
3736,0.934,0.934
3737,0.93425,0.93425
3738,0.9345,0.9345
3739,0.93475,0.93475
3740,0.935,0.935
3741,0.93525,0.93525
3742,0.9355,0.9355
3743,0.93575,0.93575
3744,0.936,0.936
3745,0.93625,0.93625
3746,0.9365,0.9365
3747,0.93675,0.93675
3748,0.937,0.937
3749,0.93725,0.93725
3750,0.9375,0.9375
3751,0.93775,0.93775
3752,0.9380000000000001,0.9380000000000001
3753,0.93825,0.93825
3754,0.9385,0.9385
3755,0.93875,0.93875
3756,0.9390000000000001,0.9390000000000001
3757,0.93925,0.93925
3758,0.9395,0.9395
3759,0.93975,0.93975
3760,0.9400000000000001,0.9400000000000001
3761,0.94025,0.94025
3762,0.9405,0.9405
3763,0.94075,0.94075
3764,0.9410000000000001,0.9410000000000001
3765,0.94125,0.94125
3766,0.9415,0.9415
3767,0.94175,0.94175
3768,0.9420000000000001,0.9420000000000001
3769,0.94225,0.94225
3770,0.9425,0.9425
3771,0.94275,0.94275
3772,0.9430000000000001,0.9430000000000001
3773,0.94325,0.94325
3774,0.9435,0.9435
3775,0.94375,0.94375
3776,0.9440000000000001,0.9440000000000001
3777,0.94425,0.94425
3778,0.9445,0.9445
3779,0.94475,0.94475
3780,0.9450000000000001,0.9450000000000001
3781,0.94525,0.94525
3782,0.9455,0.9455
3783,0.94575,0.94575
3784,0.9460000000000001,0.9460000000000001
3785,0.94625,0.94625
3786,0.9465,0.9465
3787,0.94675,0.94675
3788,0.9470000000000001,0.9470000000000001
3789,0.94725,0.94725
3790,0.9475,0.9475
3791,0.94775,0.94775
3792,0.9480000000000001,0.9480000000000001
3793,0.94825,0.94825
3794,0.9485,0.9485
3795,0.94875,0.94875
3796,0.9490000000000001,0.9490000000000001
3797,0.94925,0.94925
3798,0.9495,0.9495
3799,0.94975,0.94975
3800,0.9500000000000001,0.9500000000000001
3801,0.95025,0.95025
3802,0.9505,0.9505
3803,0.95075,0.95075
3804,0.9510000000000001,0.9510000000000001
3805,0.95125,0.95125
3806,0.9515,0.9515
3807,0.95175,0.95175
3808,0.9520000000000001,0.9520000000000001
3809,0.95225,0.95225
3810,0.9525,0.9525
3811,0.95275,0.95275
3812,0.9530000000000001,0.9530000000000001
3813,0.95325,0.95325
3814,0.9535,0.9535
3815,0.95375,0.95375
3816,0.9540000000000001,0.9540000000000001
3817,0.95425,0.95425
3818,0.9545,0.9545
3819,0.95475,0.95475
3820,0.9550000000000001,0.9550000000000001
3821,0.95525,0.95525
3822,0.9555,0.9555
3823,0.95575,0.95575
3824,0.9560000000000001,0.9560000000000001
3825,0.95625,0.95625
3826,0.9565,0.9565
3827,0.95675,0.95675
3828,0.9570000000000001,0.9570000000000001
3829,0.95725,0.95725
3830,0.9575,0.9575
3831,0.95775,0.95775
3832,0.9580000000000001,0.9580000000000001
3833,0.95825,0.95825
3834,0.9585,0.9585
3835,0.95875,0.95875
3836,0.9590000000000001,0.9590000000000001
3837,0.95925,0.95925
3838,0.9595,0.9595
3839,0.95975,0.95975
3840,0.96,0.96
3841,0.96025,0.96025
3842,0.9605,0.9605
3843,0.96075,0.96075
3844,0.961,0.961
3845,0.96125,0.96125
3846,0.9615,0.9615
3847,0.96175,0.96175
3848,0.962,0.962
3849,0.96225,0.96225
3850,0.9625,0.9625
3851,0.96275,0.96275
3852,0.963,0.963
3853,0.96325,0.96325
3854,0.9635,0.9635
3855,0.96375,0.96375
3856,0.964,0.964
3857,0.96425,0.96425
3858,0.9645,0.9645
3859,0.96475,0.96475
3860,0.965,0.965
3861,0.96525,0.96525
3862,0.9655,0.9655
3863,0.96575,0.96575
3864,0.966,0.966
3865,0.96625,0.96625
3866,0.9665,0.9665
3867,0.96675,0.96675
3868,0.967,0.967
3869,0.96725,0.96725
3870,0.9675,0.9675
3871,0.96775,0.96775
3872,0.968,0.968
3873,0.96825,0.96825
3874,0.9685,0.9685
3875,0.96875,0.96875
3876,0.969,0.969
3877,0.9692500000000001,0.9692500000000001
3878,0.9695,0.9695
3879,0.96975,0.96975
3880,0.97,0.97
3881,0.9702500000000001,0.9702500000000001
3882,0.9705,0.9705
3883,0.97075,0.97075
3884,0.971,0.971
3885,0.9712500000000001,0.9712500000000001
3886,0.9715,0.9715
3887,0.97175,0.97175
3888,0.972,0.972
3889,0.9722500000000001,0.9722500000000001
3890,0.9725,0.9725
3891,0.97275,0.97275
3892,0.973,0.973
3893,0.9732500000000001,0.9732500000000001
3894,0.9735,0.9735
3895,0.97375,0.97375
3896,0.974,0.974
3897,0.9742500000000001,0.9742500000000001
3898,0.9745,0.9745
3899,0.97475,0.97475
3900,0.975,0.975
3901,0.9752500000000001,0.9752500000000001
3902,0.9755,0.9755
3903,0.97575,0.97575
3904,0.976,0.976
3905,0.9762500000000001,0.9762500000000001
3906,0.9765,0.9765
3907,0.97675,0.97675
3908,0.977,0.977
3909,0.9772500000000001,0.9772500000000001
3910,0.9775,0.9775
3911,0.97775,0.97775
3912,0.978,0.978
3913,0.9782500000000001,0.9782500000000001
3914,0.9785,0.9785
3915,0.97875,0.97875
3916,0.979,0.979
3917,0.9792500000000001,0.9792500000000001
3918,0.9795,0.9795
3919,0.97975,0.97975
3920,0.98,0.98
3921,0.9802500000000001,0.9802500000000001
3922,0.9805,0.9805
3923,0.98075,0.98075
3924,0.981,0.981
3925,0.9812500000000001,0.9812500000000001
3926,0.9815,0.9815
3927,0.98175,0.98175
3928,0.982,0.982
3929,0.9822500000000001,0.9822500000000001
3930,0.9825,0.9825
3931,0.98275,0.98275
3932,0.983,0.983
3933,0.9832500000000001,0.9832500000000001
3934,0.9835,0.9835
3935,0.98375,0.98375
3936,0.984,0.984
3937,0.9842500000000001,0.9842500000000001
3938,0.9845,0.9845
3939,0.98475,0.98475
3940,0.985,0.985
3941,0.9852500000000001,0.9852500000000001
3942,0.9855,0.9855
3943,0.98575,0.98575
3944,0.986,0.986
3945,0.9862500000000001,0.9862500000000001
3946,0.9865,0.9865
3947,0.98675,0.98675
3948,0.987,0.987
3949,0.9872500000000001,0.9872500000000001
3950,0.9875,0.9875
3951,0.98775,0.98775
3952,0.988,0.988
3953,0.9882500000000001,0.9882500000000001
3954,0.9885,0.9885
3955,0.98875,0.98875
3956,0.989,0.989
3957,0.9892500000000001,0.9892500000000001
3958,0.9895,0.9895
3959,0.98975,0.98975
3960,0.99,0.99
3961,0.9902500000000001,0.9902500000000001
3962,0.9905,0.9905
3963,0.99075,0.99075
3964,0.991,0.991
3965,0.9912500000000001,0.9912500000000001
3966,0.9915,0.9915
3967,0.99175,0.99175
3968,0.992,0.992
3969,0.99225,0.99225
3970,0.9925,0.9925
3971,0.99275,0.99275
3972,0.993,0.993
3973,0.99325,0.99325
3974,0.9935,0.9935
3975,0.99375,0.99375
3976,0.994,0.994
3977,0.99425,0.99425
3978,0.9945,0.9945
3979,0.99475,0.99475
3980,0.995,0.995
3981,0.99525,0.99525
3982,0.9955,0.9955
3983,0.99575,0.99575
3984,0.996,0.996
3985,0.99625,0.99625
3986,0.9965,0.9965
3987,0.99675,0.99675
3988,0.997,0.997
3989,0.99725,0.99725
3990,0.9975,0.9975
3991,0.99775,0.99775
3992,0.998,0.998
3993,0.99825,0.99825
3994,0.9985,0.9985
3995,0.99875,0.99875
3996,0.999,0.999
3997,0.99925,0.99925
3998,0.9995,0.9995
3999,0.99975,0.99975
